<RuleImport>
    <RuleAssignment>
        <Target>SE_INITIALVISIT.STARTDATE</Target>
        <RuleRef OID="SE_2WEEKFU_STARTDATE">
            <EventAction IfExpressionEvaluates="true" OID="SE_2WEEKFU">
                <RunOnStatus not_scheduled="true" scheduled="true"
                    data_entry_started="false" completed="false"
                    skipped="false" stopped="false"/>
                <EventDestination Property="STARTDATE">
                    <ValueExpression>SE_1WEEKFU.STARTDATE + 7</ValueExpression>
                </EventDestination>
            </EventAction>
        </RuleRef>
    </RuleAssignment>
    <RuleDef OID="SE_2WEEKFU_STARTDATE" Name="JUNO: Schedule 2 Week F/U">
        <Description>If 1 week follow up startdate is present, set 2
            week follow up startdate to 1 week follow up + 7 days.</Description>
        <Expression>SE_1WEEKFU.STARTDATE ne &quot;&quot;</Expression>
    </RuleDef>
</RuleImport>
