<RuleImport>
    <RuleAssignment>
        <Target>SE_MONTHLYFU[1].STATUS</Target>
        <RuleRef OID="SE_MONTHLYFU_STARTDATE_R2">
            <EventAction IfExpressionEvaluates="true" OID="SE_MONTHLYFU[2]">
                <RunOnStatus not_scheduled="true" scheduled="true"
                    data_entry_started="false" completed="false"
                    skipped="false" stopped="false"/>
                <EventDestination Property="STARTDATE">
                    <ValueExpression>SE_MONTHLYFU[1].STARTDATE + 28</ValueExpression>
                </EventDestination>
            </EventAction>
        </RuleRef>
    </RuleAssignment>
    <RuleDef OID="SE_MONTHLYFU_STARTDATE_R2" Name="NIC5: Schedule Second Monthly F/U">
        <Description>If first monthly follow up is &quot;completed&quot;
            or &quot;data entry started&quot;, set second monthly follow
            up to first monthly + 28 days.</Description>
        <Expression>SE_MONTHLYFU[1].STATUS eq
            &quot;data_entry_started&quot; or &quot;completed&quot;</Expression>
    </RuleDef>
</RuleImport>
