<RuleImport>
    <RuleAssignment>
        <Target>SE_2WEEKFU.STATUS</Target>
        <RuleRef OID="SE_MONTHLYFU_STARTDATE_R1">
            <EventAction IfExpressionEvaluates="true" OID="SE_MONTHLYFU[1]">
                <RunOnStatus not_scheduled="true" scheduled="true"
                    data_entry_started="false" completed="false"
                    skipped="false" stopped="false"/>
                <EventDestination Property="STARTDATE">
                    <ValueExpression>SE_2WEEKFU.STARTDATE + 14</ValueExpression>
                </EventDestination>
            </EventAction>
        </RuleRef>
    </RuleAssignment>
    <RuleDef OID="SE_MONTHLYFU_STARTDATE_R1" Name="JUNO: Schedule First Monthly F/U">
        <Description>If 2 week follow up is &quot;completed&quot; or
            &quot;data entry started&quot;, set first monthly follow up
            to 2 week follow up + 14 days.</Description>
        <Expression>SE_2WEEKFU.STATUS eq &quot;data_entry_started&quot;
            or &quot;completed&quot;</Expression>
    </RuleDef>
</RuleImport>
