

<RuleImport>
	  <RuleAssignment>
	  <Target Context="OC_RULES_V1">I_ADVER_1_AEYN</Target>
        <RuleRef OID="AE_EVENT_2">
            <ShowAction IfExpressionEvaluates="true">
                <Run AdministrativeDataEntry="true" InitialDataEntry="true" DoubleDataEntry="true" ImportDataEntry="false" Batch="false" />
				<Message>Another AE was experienced. Please complete the following fields.</Message>
                <DestinationProperty OID="IG_ADVER_AE2"/>
            </ShowAction>
        </RuleRef>
		</RuleAssignment>
		
		<RuleAssignment>
	  <Target Context="OC_RULES_V1">I_ADVER_2_AEYN</Target>
        <RuleRef OID="AE_EVENT_3">
            <ShowAction IfExpressionEvaluates="true">
                <Run AdministrativeDataEntry="true" InitialDataEntry="true" DoubleDataEntry="true" ImportDataEntry="false" Batch="false" />
				<Message>Another AE was experienced. Please complete the following fields.</Message>
                <DestinationProperty OID="IG_ADVER_AE3"/>
            </ShowAction>
        </RuleRef>
		</RuleAssignment>
		
		<RuleAssignment>
	  <Target Context="OC_RULES_V1">I_ADVER_3_AEYN </Target>
        <RuleRef OID="AE_EVENT_4">
            <ShowAction IfExpressionEvaluates="true">
                <Run AdministrativeDataEntry="true" InitialDataEntry="true" DoubleDataEntry="true" ImportDataEntry="false" Batch="false" />
				<Message>Another AE was experienced. Please complete the following fields.</Message>
                <DestinationProperty OID="IG_ADVER_AE4"/>
            </ShowAction>
        </RuleRef>
		</RuleAssignment>
		
		<RuleAssignment>
	  <Target Context="OC_RULES_V1">I_ADVER_4_AEYN </Target>
        <RuleRef OID="AE_EVENT_5">
            <ShowAction IfExpressionEvaluates="true">
                <Run AdministrativeDataEntry="true" InitialDataEntry="true" DoubleDataEntry="true" ImportDataEntry="false" Batch="false" />
				<Message>Another AE was experienced. Please complete the following fields.</Message>
                <DestinationProperty OID="IG_ADVER_AE5"/>
            </ShowAction>
        </RuleRef>
		</RuleAssignment>

		<RuleDef OID="AE_EVENT_2" Name="Insert 2nd AE">
        <Description>Adverse Event 1 experienced eq 1 (Yes)</Description>
        <Expression>I_ADVER_1_AEYN eq 1</Expression>
		</RuleDef>	
		
		<RuleDef OID="AE_EVENT_3" Name="Insert 3rd AE">
        <Description>Adverse Event 2 experienced eq 1 (Yes)</Description>
        <Expression>I_ADVER_2_AEYN eq 1</Expression>
		</RuleDef>	
		
		<RuleDef OID="AE_EVENT_4" Name="Insert 4th AE">
        <Description>Adverse Event 3 experienced eq 1 (Yes)</Description>
        <Expression>I_ADVER_3_AEYN eq 1</Expression>
		</RuleDef>	
		
		<RuleDef OID="AE_EVENT_5" Name="Insert 5th AE">
        <Description>Adverse Event 4 experienced eq 1 (Yes)</Description>
        <Expression>I_ADVER_4_AEYN eq 1</Expression>
		</RuleDef>	
		
</RuleImport>