<RuleImport>
	<RuleAssignment>
		<Target Context="OC_RULES_V1">F_CD64ANTIBIOT.IG_CD64A_ANTITR.I_CD64A_LATANTI1</Target>
		<RuleRef OID="I_CD64A_LATANTI1_SHGRID">
			<ShowAction IfExpressionEvaluates="true">
				<Run AdministrativeDataEntry="true" InitialDataEntry="true" DoubleDataEntry="true" ImportDataEntry="false" Batch="false" />
                <Message>Please complete the Antibiotics Treatment information below.</Message>
				<DestinationProperty OID="IG_CD64A_ATGRID"/>
			</ShowAction>			
			<HideAction IfExpressionEvaluates="false">
				<Run AdministrativeDataEntry="true" InitialDataEntry="true" DoubleDataEntry="true" ImportDataEntry="false" Batch="false" />
                <Message>The Antibiotics Treatment information should only be completed if the patient is receiving antibiotics.</Message>
				<DestinationProperty OID="IG_CD64A_ATGRID"/>
			</HideAction>
				</RuleRef>
	</RuleAssignment>
	<RuleDef OID="I_CD64A_LATANTI1_SHGRID" Name="I_CD64A_LATANTI1_SHGRID">
		<Description>I_CD64A_LATANTI1_SHGRID</Description>
		<Expression>I_CD64A_LATANTI1 eq 1 or I_CD64A_LATPOPA1 eq 1</Expression>
	</RuleDef>
</RuleImport>