<?xml version="1.0" encoding="UTF-8"?>
<RuleImport>
    <RuleAssignment>
        <Target>F_LOCALLABORAT.IG_LOCAL_TESTS.I_LOCAL_CH_CAL</Target>
        <RuleRef OID="I_LOCAL_CH_CAL_B">
            <DiscrepancyNoteAction IfExpressionEvaluates="true">
                <Run AdministrativeDataEntry="true"
                    InitialDataEntry="true" DoubleDataEntry="true"
                    ImportDataEntry="false" Batch="true"/>
                <Message>Calcium is out of the expected range (2-3
                    mmol/L). Please verify your response.</Message>
            </DiscrepancyNoteAction>
        </RuleRef>
    </RuleAssignment>
    <RuleDef OID="I_LOCAL_CH_CAL_B" Name="Local Lab: Site B, D Calcium">
        <Description>Site B, D: Calcium should be between 2 and 3 mmol/L</Description>

        <Expression>(SE_FIRSTVISIT.F_LOCALLABORAT.IG_LOCAL_TESTS.I_LOCAL_SITE_AB
            eq 102 or
            SE_FIRSTVISIT.F_LOCALLABORAT.IG_LOCAL_TESTS.I_LOCAL_SITE_AB
            eq 104) and (I_LOCAL_CH_CAL lt 2 or I_LOCAL_CH_CAL gt 3)</Expression>
    </RuleDef>
</RuleImport>
