<RuleImport>
	<RuleAssignment>
        <Target>F_EATINGHABITS.IG_EATIN_HABITS.I_EATIN_COOKFAT</Target>
        <RuleRef OID="I_EATIN_COOKFAT_SHOWHIDE">
            <ShowAction IfExpressionEvaluates="true">
                <Run AdministrativeDataEntry="true"
                    InitialDataEntry="true" DoubleDataEntry="true"
                    ImportDataEntry="false" Batch="false"/>
                <Message>Please complete the additional question below.</Message>
                <DestinationProperty OID="I_EATIN_OTHERCOOK"/>
            </ShowAction>
            <HideAction IfExpressionEvaluates="false">
                <Run AdministrativeDataEntry="true"
                    InitialDataEntry="true" DoubleDataEntry="true"
                    ImportDataEntry="false" Batch="false"/>
                <Message></Message>
                <DestinationProperty OID="I_EATIN_OTHERCOOK"/>
            </HideAction>
        </RuleRef>
    </RuleAssignment>
	<RuleDef OID="I_EATIN_COOKFAT_SHOWHIDE" Name="I_EATIN_COOKFAT_SHOWHIDE">
        <Description>Show or Hide Other field</Description>
        <Expression>I_EATIN_COOKFAT ct &quot;8&quot;</Expression>
    </RuleDef>
</RuleImport>