<RuleImport>
    <RuleAssignment>
        <Target>F_ADVERSEEVENT.IG_ADVER_AELOG.I_ADVER_AE_DTRE</Target>
        <RuleRef OID="I_ADVER_AE_DTRE_VERIFYDATES">
            <DiscrepancyNoteAction IfExpressionEvaluates="true">
                <Run AdministrativeDataEntry="true"
                    InitialDataEntry="true" DoubleDataEntry="true"
                    ImportDataEntry="false" Batch="true"/>
                <Message>Date of Resolution should not occur prior to
                    the Date of Onset. Please verify your response.</Message>
            </DiscrepancyNoteAction>
        </RuleRef>
    </RuleAssignment>
    <RuleDef OID="I_ADVER_AE_DTRE_VERIFYDATES" Name="AE Log: Verify Date Onset vs Date Resolution">
        <Description>Date of Resolution should not occur prior to the
            Date of Onset.</Description>
        <Expression>I_ADVER_AE_DTRE lt I_ADVER_AE_DTON</Expression>
    </RuleDef>
</RuleImport>
