<?xml version="1.0" encoding="UTF-8"?>
<RuleImport>
    <RuleAssignment>
        <Target>F_DEMOGRAPHICS.IG_DEMOG_DEMO.I_DEMOG_DEM_DTBR</Target>
        <RuleRef OID="I_DEMOG_DEM_DTBR_VERIFY">
            <DiscrepancyNoteAction IfExpressionEvaluates="true">
                <Run AdministrativeDataEntry="true"
                    InitialDataEntry="true" DoubleDataEntry="true"
                    ImportDataEntry="false" Batch="true"/>
                <Message>Date of Birth should not occur after the Date
                    of Consent or after to the year 1970. Please verify
                    your response.</Message>
            </DiscrepancyNoteAction>
        </RuleRef>
    </RuleAssignment>
    <RuleDef OID="I_DEMOG_DEM_DTBR_VERIFY" Name="Demographics: DOB Verification">
        <Description>Date of Birth cannot occur after the Date of
            Consent and must be prior to 1970</Description>
        <Expression>(I_DEMOG_DEM_DTBR gte I_DEMOG_DEM_DTIC) or
            (I_DEMOG_DEM_DTBR gt 1970-12-31)</Expression>
    </RuleDef>
</RuleImport>
