<RuleImport>
    <RuleAssignment>
        <Target>F_INCLUSIONEXC.IG_INCLU_ELIGIBILITY.I_INCLU_INEX_ELIG</Target>
        <RuleRef OID="I_INCLU_INEX_ELIG_VERIFY">
            <DiscrepancyNoteAction IfExpressionEvaluates="true">
                <Run AdministrativeDataEntry="true"
                    InitialDataEntry="true" DoubleDataEntry="true"
                    ImportDataEntry="false" Batch="true"/>
                <Message>In order for the subject to be eligible, all
                    Inclusion Criteria must be answered 'Yes' and all
                    Exclusion Criteria must be answered 'No'. Please
                    verify your response.</Message>
            </DiscrepancyNoteAction>
        </RuleRef>
    </RuleAssignment>
    <RuleDef OID="I_INCLU_INEX_ELIG_VERIFY" Name="Inc/Exc: Verify Eligibility">
        <Description>Subject is not eligible if any Inclusion criteria
            are 'No' or any Exclusion criteria are 'Yes'.</Description>
        <Expression>I_INCLU_INEX_ELIG eq 1 and (I_INCLU_IN_18YO eq 2 or
            I_INCLU_IN_T2MEL eq 2 or I_INCLU_IN_FPLGL eq 2 or
            I_INCLU_IN_HEAC1 eq 2 or I_INCLU_IN_FLENG eq 2 or
            I_INCLU_IN_CMSSR eq 2 or I_INCLU_IN_IC eq 2) or
            (I_INCLU_EX_OGTT eq 1 or I_INCLU_EX_RECNT eq 1 or
            I_INCLU_EX_HEP eq 1 or I_INCLU_EX_EVINF eq 1 or
            I_INCLU_EX_STRKE eq 1 or I_INCLU_EX_PREG eq 1 or
            I_INCLU_EX_MENTL eq 1)</Expression>
    </RuleDef>
</RuleImport>
