 <RuleImport>
	<RuleAssignment>
		<Target Context="OC_RULES_V1">SE_1WEEKFU.STATUS</Target>
		<RunOnSchedule Time="17:00"/>
		<RuleRef OID="NOTIFYSUBJECT">
			<NotificationAction IfExpressionEvaluates="true">
                <To>${participant}</To>
                <Subject>Please complete your Eating Habits Questionnaire, Physical Activity Log and PROMIS Fatigue Form.</Subject>
                <Message>Dear ${participant.firstname}, 
				Please complete your Eating Habits Questionnaire, Physical Activity Log and PROMIS Fatigue Form. You can access your forms via the following link: ${participant.loginurl}.
				</Message>
			</NotificationAction>
		</RuleRef>
	</RuleAssignment>
	<RuleDef OID="NOTIFYSUBJECT" Name="NOTIFYSUBJECT">
        <Description>Email for Eating Habits Questionnaire, Physical Activity Log and PROMIS Fatigue Form reminder.</Description>
        <Expression>SE_1WEEKFU.STATUS eq "data_entry_started" and SE_1WEEKFU.STATUS eq "scheduled"</Expression>
    </RuleDef>
</RuleImport>