<?xml version="1.0" encoding="UTF-8"?>
<RuleImport>
    <RuleAssignment>
        <Target>F_VITALSIGNS.IG_VITAL_VITALS.I_VITAL_VS_HGHT</Target>
        <RuleRef OID="I_VITAL_VS_HGHT_IN">
            <DiscrepancyNoteAction IfExpressionEvaluates="true">
                <Run AdministrativeDataEntry="true"
                    InitialDataEntry="true" DoubleDataEntry="true"
                    ImportDataEntry="false" Batch="true"/>
                <Message>Height is out of the expected range (48 - 84
                    inches). Please verify your response.</Message>
            </DiscrepancyNoteAction>
        </RuleRef>
    </RuleAssignment>
    <RuleDef OID="I_VITAL_VS_HGHT_IN" Name="Vitals: Height IN">
        <Description>Height in inches should be between 48-84 in.</Description>
        <Expression>(I_VITAL_VS_HGHT lt 48 or I_VITAL_VS_HGHT gt 84) and
            I_VITAL_VS_UNITS eq 1</Expression>
    </RuleDef>
</RuleImport>
