<?xml version="1.0" encoding="UTF-8"?>
<RuleImport>
	<RuleAssignment>
	<Target Context="OC_RULES_V1">I_PHYSI_HEIGHT</Target>
		<RuleRef OID="PHYSEXAM_HEIGHT">
			<DiscrepancyNoteAction IfExpressionEvaluates="">
                <Run AdministrativeDataEntry="true" InitialDataEntry="true" DoubleDataEntry="true" ImportDataEntry="false"  Batch="true" />
				<Message>Please check to make sure the height is accurate as this does not match the height entered in the previous visit. You may update the value or if you continue to save, a discrepancy note will be logged.</Message>
			</DiscrepancyNoteAction>
		</RuleRef>
	</RuleAssignment>
	<RuleDef OID="PHYSEXAM_HEIGHT" Name="Height from Physical Exam must match height from other visit">
		<Description></Description>
		<Expression>I_PHYSI_HEIGHT eq I_PHYSI_HEIGHT</Expression>
	</RuleDef>
</RuleImport>