<?xml version="1.0" encoding="UTF-8"?>
<RuleImport>
    <RuleAssignment>
        <Target>F_VITALSIGNS.IG_VITAL_VITALS.I_VITAL_VS_HGHT</Target>
        <RuleRef OID="I_VITAL_VS_HGHT_CM">
            <DiscrepancyNoteAction IfExpressionEvaluates="true">
                <Run AdministrativeDataEntry="true"
                    InitialDataEntry="true" DoubleDataEntry="true"
                    ImportDataEntry="false" Batch="true"/>
                <Message>Height is out of the expected range (121 - 213
                    cm). Please verify your response.</Message>
            </DiscrepancyNoteAction>
        </RuleRef>
    </RuleAssignment>
    <RuleDef OID="I_VITAL_VS_HGHT_CM" Name="Vitals: Height CM">
        <Description>Height in cm should be between 121-213 cm.</Description>
        <Expression>(I_VITAL_VS_HGHT lt 121 or I_VITAL_VS_HGHT gt 213)
            and I_VITAL_VS_UNITS eq 2</Expression>
    </RuleDef>
</RuleImport>
