<?xml version="1.0" encoding="UTF-8"?>
<RuleImport>
    <RuleAssignment>
        <Target>F_LOCALLABORAT.IG_LOCAL_TESTS.I_LOCAL_HEM_HEM</Target>
        <RuleRef OID="I_LOCAL_HEM_HEM_B">
            <DiscrepancyNoteAction IfExpressionEvaluates="true">
                <Run AdministrativeDataEntry="true"
                    InitialDataEntry="true" DoubleDataEntry="true"
                    ImportDataEntry="false" Batch="true"/>
                <Message>Hemoglobin is out of the expected range
                    (120-175 gm/L). Please verify your response.</Message>
            </DiscrepancyNoteAction>
        </RuleRef>
    </RuleAssignment>
    <RuleDef OID="I_LOCAL_HEM_HEM_B" Name="Local Lab: Site B, D Hemoglobin">
        <Description>Site B, D: Hemoglobin should be between 120 and 175 gm/L</Description>

        <Expression>(SE_FIRSTVISIT.F_LOCALLABORAT.IG_LOCAL_TESTS.I_LOCAL_SITE_AB
            eq 102 or
            SE_FIRSTVISIT.F_LOCALLABORAT.IG_LOCAL_TESTS.I_LOCAL_SITE_AB
            eq 104) and (I_LOCAL_HEM_HEM lt 120 or I_LOCAL_HEM_HEM gt 175)</Expression>
    </RuleDef>
</RuleImport>
