<RuleImport>
	<RuleAssignment>
		<Target Context="OC_RULES_V1">F_EATINGHABITS.IG_EATIN_HABITS.I_EATIN_OTHERCOOK</Target>
		<RuleRef OID="I_EATIN_OTHERCOOK_OTHSPEC">
			<DiscrepancyNoteAction IfExpressionEvaluates="true">
				<Run AdministrativeDataEntry="true" InitialDataEntry="true" DoubleDataEntry="true" ImportDataEntry="false" Batch="true" />
                <Message> If "Other", a specification must be provided.</Message>
			</DiscrepancyNoteAction>
				</RuleRef>
	</RuleAssignment>
	<RuleAssignment>
		<Target Context="OC_RULES_V1">F_EATINGHABITS.IG_EATIN_HABITS.I_EATIN_COOKFAT</Target>
		<RuleRef OID="I_EATIN_COOKFAT_NOSPEC">
			<DiscrepancyNoteAction IfExpressionEvaluates="true">
				<Run AdministrativeDataEntry="true" InitialDataEntry="true" DoubleDataEntry="true" ImportDataEntry="false" Batch="true" />
                <Message>A specification should not be provided if "Other" is not selected.</Message>
			</DiscrepancyNoteAction>
				</RuleRef>
	</RuleAssignment>
	<RuleDef OID="I_EATIN_OTHERCOOK_OTHSPEC" Name="I_EATIN_OTHERCOOK_OTHSPEC">
		<Description> If Other is selected must specify </Description>
		<Expression>I_EATIN_COOKFAT eq 8 and I_EATIN_OTHERCOOK eq ""</Expression>
	</RuleDef>
	<RuleDef OID="I_EATIN_COOKFAT_NOSPEC" Name="I_EATIN_COOKFAT_NOSPEC">
		<Description> If Other is not selected do not specify </Description>
		<Expression>I_EATIN_COOKFAT ne 8 and I_EATIN_OTHERCOOK ne ""</Expression>
	</RuleDef>
</RuleImport>