<RuleImport>
    <RuleAssignment>
        <Target>F_VITALSIGNS.IG_VITAL_VITALS.I_VITAL_VS_BPHR</Target>
        <RuleRef OID="I_VITAL_VS_BPHR_SHOWHIDEINSERT">
            <ShowAction IfExpressionEvaluates="true">
                <Run AdministrativeDataEntry="true"
                    InitialDataEntry="true" DoubleDataEntry="true"
                    ImportDataEntry="false" Batch="false"/>
                <Message>Please fill in Systolic BP, Diastolic BP, and
                    Heart Rate for both positions in the log below.</Message>
                <DestinationProperty OID="IG_VITAL_BPLOG"/>
            </ShowAction>
            <HideAction IfExpressionEvaluates="false">
                <Run AdministrativeDataEntry="true"
                    InitialDataEntry="true" DoubleDataEntry="true"
                    ImportDataEntry="false" Batch="false"/>
                <Message>The log should only be completed if 'Yes' was
                    selected for the previous question.</Message>
                <DestinationProperty OID="IG_VITAL_BPLOG"/>
            </HideAction>
            <InsertAction IfExpressionEvaluates="true">
			 <Run AdministrativeDataEntry="true"
                    InitialDataEntry="true" DoubleDataEntry="true"
                    ImportDataEntry="false" Batch="false"/>
                <DestinationProperty
                    OID="IG_VITAL_BPLOG[1].I_VITAL_VS_TYPE" Value="Supine"/>
                <DestinationProperty
                    OID="IG_VITAL_BPLOG[2].I_VITAL_VS_TYPE" Value="Standing"/>
            </InsertAction>
        </RuleRef>
    </RuleAssignment>
    <RuleDef OID="I_VITAL_VS_BPHR_SHOWHIDEINSERT" Name="Vitals: Show/Hide/Insert">
        <Description>If 'Yes' is selected, the log should show and
            'Supine' and 'Standing' should insert into the Position column.</Description>
        <Expression>I_VITAL_VS_BPHR eq 1</Expression>
    </RuleDef>
</RuleImport>
