<?xml version="1.0" encoding="US-ASCII"?><ODM xmlns="http://www.cdisc.org/ns/odm/v1.3" xmlns:OpenClinica="http://www.openclinica.org/ns/odm_ext_v130/v3.1" xmlns:OpenClinicaRules="http://www.openclinica.org/ns/rules/v3.1" xmlns:xsi="http://www.w3.org/2001/XMLSchema-instance" FileOID="SCRC_Registration_DataD20110705132135-0400" Description="SCRC Registration Data" CreationDateTime="2011-07-05T13:21:35-04:00" FileType="Snapshot" ODMVersion="1.3" xsi:schemaLocation="http://www.cdisc.org/ns/odm/v1.3 OpenClinica-ODM1-3-0-OC2-0.xsd">
        
    <ClinicalData StudyOID="S_R0112345_7258" MetaDataVersionOID="v1.0.0">
        <SubjectData SubjectKey="SS_SCRC001" OpenClinica:StudySubjectID="SCRC001">
            <StudyEventData StudyEventOID="SE_REGISTRATIONVISIT">
                <FormData FormOID="F_ELIGIBILITY_V10">
                    <ItemGroupData ItemGroupOID="IG_ELIGI_UNGROUPED" TransactionType="Insert">
                        <ItemData ItemOID="I_ELIGI_OVER_18" Value="1"/>
                        <ItemData ItemOID="I_ELIGI_ECOG_STATUS" Value="1"/>
                        <ItemData ItemOID="I_ELIGI_WBC_CT" Value="1"/>
                        <ItemData ItemOID="I_ELIGI_PLATELET_CT" Value="1"/>
                        <ItemData ItemOID="I_ELIGI_SERUM_CREATININE" Value="1"/>
                        <ItemData ItemOID="I_ELIGI_SERUM_BILIRUBIN" Value="1"/>
                        <ItemData ItemOID="I_ELIGI_CONTRACEPTION" Value="1"/>
                        <ItemData ItemOID="I_ELIGI_INFORMED_CONSENT_DAT" Value="1"/>
                        <ItemData ItemOID="I_ELIGI_HIST_HEART_DISEASE" Value="0"/>
                        <ItemData ItemOID="I_ELIGI_CHEMOTHERAPY" Value="0"/>
                        <ItemData ItemOID="I_ELIGI_FASTING_CHOLESTEROL_TRIGLY" Value="0"/>
                        <ItemData ItemOID="I_ELIGI_NSAIDS" Value="0"/>
                        <ItemData ItemOID="I_ELIGI_OTH_INVESTIGATIONAL_RX" Value="0"/>
                    </ItemGroupData>
                </FormData>
                <FormData FormOID="F_PHYSICALEXAM_ENGLISH">
                    <ItemGroupData ItemGroupOID="IG_PHYSI_UNGROUPED" TransactionType="Insert">
                        <ItemData ItemOID="I_PHYSI_HEIGHT" Value="65">
                            <MeasurementUnitRef MeasurementUnitOID="MU_IN"/>
                        </ItemData>
                        <ItemData ItemOID="I_PHYSI_WEIGHT" Value="100">
                            <MeasurementUnitRef MeasurementUnitOID="MU_LB"/>
                        </ItemData>
                        <ItemData ItemOID="I_PHYSI_BMI" Value="16.64"/>
                        <ItemData ItemOID="I_PHYSI_TEMPERATURE" Value="970">
                            <MeasurementUnitRef MeasurementUnitOID="MU_F"/>
                        </ItemData>
                        <ItemData ItemOID="I_PHYSI_PULSE" Value="60">
                            <MeasurementUnitRef MeasurementUnitOID="MU_PERMIN"/>
                        </ItemData>
                        <ItemData ItemOID="I_PHYSI_RESPIRATION" Value="12">
                            <MeasurementUnitRef MeasurementUnitOID="MU_PERMIN"/>
                        </ItemData>
                        <ItemData ItemOID="I_PHYSI_SYSTOLIC" Value="110">
                            <MeasurementUnitRef MeasurementUnitOID="MU_MM"/>
                        </ItemData>
                        <ItemData ItemOID="I_PHYSI_DIASTOLIC" Value="100">
                            <MeasurementUnitRef MeasurementUnitOID="MU_HG"/>
                        </ItemData>
                    </ItemGroupData>
                </FormData>
                <FormData FormOID="F_VERIFICATION_V20">
                    <ItemGroupData ItemGroupOID="IG_VERIF_UNGROUPED" TransactionType="Insert">
                        <ItemData ItemOID="I_VERIF_ELIGIBILITY_CONF" Value="1"/>
                        <ItemData ItemOID="I_VERIF_VERI_INIT" Value="qwe"/>
                        <ItemData ItemOID="I_VERIF_VERI_DATE" Value="2009-10-23"/>
                    </ItemGroupData>
                </FormData>
            </StudyEventData>
        </SubjectData>
        <SubjectData SubjectKey="SS_SCRC005" OpenClinica:StudySubjectID="SCRC005">
            <StudyEventData StudyEventOID="SE_REGISTRATIONVISIT">
                <FormData FormOID="F_ELIGIBILITY_V10">
                    <ItemGroupData ItemGroupOID="IG_ELIGI_UNGROUPED" TransactionType="Insert">
                        <ItemData ItemOID="I_ELIGI_OVER_18" Value="1"/>
                        <ItemData ItemOID="I_ELIGI_ECOG_STATUS" Value="1"/>
                        <ItemData ItemOID="I_ELIGI_WBC_CT" Value="1"/>
                        <ItemData ItemOID="I_ELIGI_PLATELET_CT" Value="1"/>
                        <ItemData ItemOID="I_ELIGI_SERUM_CREATININE" Value="1"/>
                        <ItemData ItemOID="I_ELIGI_SERUM_BILIRUBIN" Value="1"/>
                        <ItemData ItemOID="I_ELIGI_CONTRACEPTION" Value="1"/>
                        <ItemData ItemOID="I_ELIGI_INFORMED_CONSENT_DAT" Value="1"/>
                        <ItemData ItemOID="I_ELIGI_INFORMED_CONSENT_DAT" Value="2009-10-23"/>
                        <ItemData ItemOID="I_ELIGI_HIST_HEART_DISEASE" Value="0"/>
                        <ItemData ItemOID="I_ELIGI_CHEMOTHERAPY" Value="0"/>
                        <ItemData ItemOID="I_ELIGI_FASTING_CHOLESTEROL_TRIGLY" Value="0"/>
                        <ItemData ItemOID="I_ELIGI_NSAIDS" Value="0"/>
                        <ItemData ItemOID="I_ELIGI_OTH_INVESTIGATIONAL_RX" Value="0"/>
                    </ItemGroupData>
                </FormData>
                <FormData FormOID="F_PHYSICALEXAM_ENGLISH">
                    <ItemGroupData ItemGroupOID="IG_PHYSI_UNGROUPED" TransactionType="Insert">
                        <ItemData ItemOID="I_PHYSI_HEIGHT" Value="65">
                            <MeasurementUnitRef MeasurementUnitOID="MU_IN"/>
                        </ItemData>
                        <ItemData ItemOID="I_PHYSI_WEIGHT" Value="100">
                            <MeasurementUnitRef MeasurementUnitOID="MU_LB"/>
                        </ItemData>
                        <ItemData ItemOID="I_PHYSI_BMI" Value="16.64"/>
                        <ItemData ItemOID="I_PHYSI_TEMPERATURE" Value="100">
                            <MeasurementUnitRef MeasurementUnitOID="MU_F"/>
                        </ItemData>
                        <ItemData ItemOID="I_PHYSI_PULSE" Value="60">
                            <MeasurementUnitRef MeasurementUnitOID="MU_PERMIN"/>
                        </ItemData>
                        <ItemData ItemOID="I_PHYSI_RESPIRATION" Value="15">
                            <MeasurementUnitRef MeasurementUnitOID="MU_PERMIN"/>
                        </ItemData>
                        <ItemData ItemOID="I_PHYSI_SYSTOLIC" Value="110">
                            <MeasurementUnitRef MeasurementUnitOID="MU_MM"/>
                        </ItemData>
                        <ItemData ItemOID="I_PHYSI_DIASTOLIC" Value="90">
                            <MeasurementUnitRef MeasurementUnitOID="MU_HG"/>
                        </ItemData>
                    </ItemGroupData>
                </FormData>
                <FormData FormOID="F_VERIFICATION_V20">
                    <ItemGroupData ItemGroupOID="IG_VERIF_UNGROUPED" TransactionType="Insert">
                        <ItemData ItemOID="I_VERIF_ELIGIBILITY_CONF" Value="1"/>
                        <ItemData ItemOID="I_VERIF_VERI_INIT" Value="new"/>
                        <ItemData ItemOID="I_VERIF_VERI_DATE" Value="2009-10-23"/>
                    </ItemGroupData>
                </FormData>
            </StudyEventData>
        </SubjectData>
        <SubjectData SubjectKey="SS_SCRC006" OpenClinica:StudySubjectID="SCRC006">
            <StudyEventData StudyEventOID="SE_REGISTRATIONVISIT">
                <FormData FormOID="F_PHYSICALEXAM_ENGLISH">
                    <ItemGroupData ItemGroupOID="IG_PHYSI_UNGROUPED" TransactionType="Insert">
                        <ItemData ItemOID="I_PHYSI_HEIGHT" Value="60">
                            <MeasurementUnitRef MeasurementUnitOID="MU_IN"/>
                        </ItemData>
                        <ItemData ItemOID="I_PHYSI_WEIGHT" Value="90">
                            <MeasurementUnitRef MeasurementUnitOID="MU_LB"/>
                        </ItemData>
                        <ItemData ItemOID="I_PHYSI_BMI" Value="17.58"/>
                        <ItemData ItemOID="I_PHYSI_TEMPERATURE" Value="99">
                            <MeasurementUnitRef MeasurementUnitOID="MU_F"/>
                        </ItemData>
                        <ItemData ItemOID="I_PHYSI_PULSE" Value="60">
                            <MeasurementUnitRef MeasurementUnitOID="MU_PERMIN"/>
                        </ItemData>
                        <ItemData ItemOID="I_PHYSI_RESPIRATION" Value="15">
                            <MeasurementUnitRef MeasurementUnitOID="MU_PERMIN"/>
                        </ItemData>
                        <ItemData ItemOID="I_PHYSI_SYSTOLIC" Value="140">
                            <MeasurementUnitRef MeasurementUnitOID="MU_MM"/>
                        </ItemData>
                        <ItemData ItemOID="I_PHYSI_DIASTOLIC" Value="90">
                            <MeasurementUnitRef MeasurementUnitOID="MU_HG"/>
                        </ItemData>
                    </ItemGroupData>
                </FormData>
            </StudyEventData>
        </SubjectData>
        <SubjectData SubjectKey="SS_SCRC009" OpenClinica:StudySubjectID="SCRC009">
            <StudyEventData StudyEventOID="SE_REGISTRATIONVISIT">
                <FormData FormOID="F_PHYSICALEXAM_ENGLISH">
                    <ItemGroupData ItemGroupOID="IG_PHYSI_UNGROUPED" TransactionType="Insert">
                        <ItemData ItemOID="I_PHYSI_HEIGHT" Value="65">
                            <MeasurementUnitRef MeasurementUnitOID="MU_IN"/>
                        </ItemData>
                        <ItemData ItemOID="I_PHYSI_WEIGHT" Value="85">
                            <MeasurementUnitRef MeasurementUnitOID="MU_LB"/>
                        </ItemData>
                        <ItemData ItemOID="I_PHYSI_BMI" Value="14.14"/>
                        <ItemData ItemOID="I_PHYSI_TEMPERATURE" Value="98">
                            <MeasurementUnitRef MeasurementUnitOID="MU_F"/>
                        </ItemData>
                        <ItemData ItemOID="I_PHYSI_PULSE" Value="60">
                            <MeasurementUnitRef MeasurementUnitOID="MU_PERMIN"/>
                        </ItemData>
                        <ItemData ItemOID="I_PHYSI_RESPIRATION" Value="12">
                            <MeasurementUnitRef MeasurementUnitOID="MU_PERMIN"/>
                        </ItemData>
                        <ItemData ItemOID="I_PHYSI_SYSTOLIC" Value="140">
                            <MeasurementUnitRef MeasurementUnitOID="MU_MM"/>
                        </ItemData>
                        <ItemData ItemOID="I_PHYSI_DIASTOLIC" Value="70">
                            <MeasurementUnitRef MeasurementUnitOID="MU_HG"/>
                        </ItemData>
                    </ItemGroupData>
                </FormData>
                <FormData FormOID="F_VERIFICATION_V20">
                    <ItemGroupData ItemGroupOID="IG_VERIF_UNGROUPED" TransactionType="Insert">
                        <ItemData ItemOID="I_VERIF_ELIGIBILITY_CONF" Value="1"/>
                        <ItemData ItemOID="I_VERIF_VERI_INIT" Value="yes"/>
                        <ItemData ItemOID="I_VERIF_VERI_DATE" Value="2009-10-23"/>
                    </ItemGroupData>
                </FormData>
            </StudyEventData>
        </SubjectData>
        <SubjectData SubjectKey="SS_SCRC012" OpenClinica:StudySubjectID="SCRC012">
            <StudyEventData StudyEventOID="SE_REGISTRATIONVISIT">
                <FormData FormOID="F_ELIGIBILITY_V10">
                    <ItemGroupData ItemGroupOID="IG_ELIGI_UNGROUPED" TransactionType="Insert">
                        <ItemData ItemOID="I_ELIGI_OVER_18" Value="0"/>
                        <ItemData ItemOID="I_ELIGI_ECOG_STATUS" Value="1"/>
                        <ItemData ItemOID="I_ELIGI_WBC_CT" Value="1"/>
                        <ItemData ItemOID="I_ELIGI_PLATELET_CT" Value="1"/>
                        <ItemData ItemOID="I_ELIGI_SERUM_CREATININE" Value="1"/>
                        <ItemData ItemOID="I_ELIGI_SERUM_BILIRUBIN" Value="1"/>
                        <ItemData ItemOID="I_ELIGI_CONTRACEPTION" Value="1"/>
                        <ItemData ItemOID="I_ELIGI_INFORMED_CONSENT_DAT" Value="1"/>
                        <ItemData ItemOID="I_ELIGI_INFORMED_CONSENT_DAT" Value="2009-10-23"/>
                        <ItemData ItemOID="I_ELIGI_HIST_HEART_DISEASE" Value="0"/>
                        <ItemData ItemOID="I_ELIGI_CHEMOTHERAPY" Value="0"/>
                        <ItemData ItemOID="I_ELIGI_FASTING_CHOLESTEROL_TRIGLY" Value="0"/>
                        <ItemData ItemOID="I_ELIGI_NSAIDS" Value="0"/>
                    </ItemGroupData>
                </FormData>
                <FormData FormOID="F_PHYSICALEXAM_ENGLISH">
                    <ItemGroupData ItemGroupOID="IG_PHYSI_UNGROUPED" TransactionType="Insert">
                        <ItemData ItemOID="I_PHYSI_HEIGHT" Value="40">
                            <MeasurementUnitRef MeasurementUnitOID="MU_IN"/>
                        </ItemData>
                        <ItemData ItemOID="I_PHYSI_WEIGHT" Value="50">
                            <MeasurementUnitRef MeasurementUnitOID="MU_LB"/>
                        </ItemData>
                        <ItemData ItemOID="I_PHYSI_BMI" Value="21.97"/>
                        <ItemData ItemOID="I_PHYSI_TEMPERATURE" Value="99">
                            <MeasurementUnitRef MeasurementUnitOID="MU_F"/>
                        </ItemData>
                        <ItemData ItemOID="I_PHYSI_PULSE" Value="60">
                            <MeasurementUnitRef MeasurementUnitOID="MU_PERMIN"/>
                        </ItemData>
                        <ItemData ItemOID="I_PHYSI_RESPIRATION" Value="12">
                            <MeasurementUnitRef MeasurementUnitOID="MU_PERMIN"/>
                        </ItemData>
                        <ItemData ItemOID="I_PHYSI_SYSTOLIC" Value="110">
                            <MeasurementUnitRef MeasurementUnitOID="MU_MM"/>
                        </ItemData>
                        <ItemData ItemOID="I_PHYSI_DIASTOLIC" Value="70">
                            <MeasurementUnitRef MeasurementUnitOID="MU_HG"/>
                        </ItemData>
                    </ItemGroupData>
                </FormData>
                <FormData FormOID="F_VERIFICATION_V20">
                    <ItemGroupData ItemGroupOID="IG_VERIF_UNGROUPED" TransactionType="Insert">
                        <ItemData ItemOID="I_VERIF_ELIGIBILITY_CONF" Value="1"/>
                        <ItemData ItemOID="I_VERIF_VERI_INIT" Value="yes"/>
                        <ItemData ItemOID="I_VERIF_VERI_DATE" Value="2009-10-23"/>
                    </ItemGroupData>
                </FormData>
            </StudyEventData>
        </SubjectData>
    </ClinicalData>
</ODM>