<?xml version="1.0" encoding="UTF-8"?>
<RuleImport>
	<RuleAssignment>
	<Target Context="OC_RULES_V1">F_INCLUSIONEXC.IG_INCLU_ELIGIBILITY.I_INCLU_INEX_ELIG</Target>
		<RuleRef OID="I_INCLU_INEX_ELIG_VERIFY">
			<DiscrepancyNoteAction IfExpressionEvaluates="true">
                <Run AdministrativeDataEntry="true" InitialDataEntry="true" DoubleDataEntry="true" ImportDataEntry="false" Batch="true" />
				<Message>In order for the subject to be eligible, all Inclusion Criteria must be answered 'Yes' and all Exclusion Criteria must be answered 'No'. Please verify your response.</Message>
			</DiscrepancyNoteAction>
		</RuleRef>
	</RuleAssignment>
	<RuleAssignment>
	<Target Context="OC_RULES_V1">F_INCLUSIONEXC.IG_INCLU_ELIGIBILITY.I_INCLU_IN_DT_IC</Target>
		<RuleRef OID="I_INCLU_IN_DT_IC_VERIFY">
			<DiscrepancyNoteAction IfExpressionEvaluates="true">
                <Run AdministrativeDataEntry="true" InitialDataEntry="true" DoubleDataEntry="true" ImportDataEntry="false" Batch="true" />
				<Message>Date of Informed Consent does not match Date of Informed Consent provided on Demographics and/or the Verification of Informed Consent form. Please verify your response.</Message>
			</DiscrepancyNoteAction>
		</RuleRef>
	</RuleAssignment>
	<RuleAssignment>
	<Target Context="OC_RULES_V1">F_INCLUSIONEXC.IG_INCLU_ELIGIBILITY.I_INCLU_IN_MMSE</Target>
		<RuleRef OID="I_INCLU_IN_MMSE_VERIFY">
			<DiscrepancyNoteAction IfExpressionEvaluates="true">
                <Run AdministrativeDataEntry="true" InitialDataEntry="true" DoubleDataEntry="true" ImportDataEntry="false" Batch="true" />
				<Message>'Yes' was selected for Question 2 but Total Score on MMSE form is not between 12-27. Please verify your response.</Message>
			</DiscrepancyNoteAction>
		</RuleRef>
	</RuleAssignment>
	<RuleDef OID="I_INCLU_INEX_ELIG_VERIFY" Name="Inc/Exc: Verify Eligibility">
		<Description>Subject is not eligible if any Inclusion criteria are 'No' or any Exclusion criteria are 'Yes'.</Description>
		<Expression>I_INCLU_INEX_ELIG eq 1 and (I_INCLU_EX_OGTT eq 1 or I_INCLU_EX_HEP eq 1 or I_INCLU_EX_CARD eq 1 or I_INCLU_EX_RECNT eq 1 or I_INCLU_EX_STRKE eq 1 or I_INCLU_EX_SEIZ eq 1 or I_INCLU_EX_MENTL eq 1 or I_INCLU_EX_ORAL eq 1 or I_INCLU_EX_INS eq 1 or I_INCLU_EX_DRUG eq 1 or I_INCLU_IN_NINCDS eq 2 or I_INCLU_IN_MMSE eq 2 or I_INCLU_IN_NMDA eq 2 or I_INCLU_IN_HOME eq 2 or I_INCLU_IN_CARE eq 2 or I_INCLU_IN_ENGSP eq 2 or I_INCLU_IN_STBL eq 2 or I_INCLU_IN_DOSE eq 2 or I_INCLU_IN_HEPIN eq 2 or I_INCLU_IN_ORAL eq 2 or I_INCLU_IN_IC eq 2)</Expression>
	</RuleDef>
	<RuleDef OID="I_INCLU_IN_DT_IC_VERIFY" Name="Inc/Exc: Verify DT Inf Cons. with Demographics and Verification of IC form">
		<Description>Date of Informed Consent should match Date of Informed Consent on Demographics form.</Description>
		<Expression>(I_INCLU_IN_DT_IC ne F_DEMOGRAPHICS.IG_DEMOG_DEMO.I_DEMOG_DEM_DTIC) or (I_INCLU_IN_DT_IC ne F_VERIFICATION.IG_VERIF_UNGROUPED.I_VERIF_VERI_DATE)</Expression>
	</RuleDef>
	<RuleDef OID="I_INCLU_IN_MMSE_VERIFY" Name="Inc/Exc: Verify MMSE Score">
		<Description>MMSE score inclusion criteria should match total score on MMSE form.</Description>
		<Expression>I_INCLU_IN_MMSE eq 1 and (SE_ENROLLMENT.F_MINIMENTALST.IG_MINIM_MMSE.I_MINIM_MM_SCORE gt 27 or F_MINIMENTALST.IG_MINIM_MMSE.I_MINIM_MM_SCORE lt 12)</Expression>
	</RuleDef>
</RuleImport>