 <RuleImport>
 <RuleAssignment>
	<Target Context="OC_RULES_V1">I_VERIF_VERI_DATE</Target>
	<RuleRef OID="VERIFICATIONDATE">
		<InsertAction IfExpressionEvaluates="true">
                <Run AdministrativeDataEntry="true" InitialDataEntry="true" DoubleDataEntry="true" ImportDataEntry="false" Batch="false"/>
				<DestinationProperty OID="I_ELIGI_INFORMED_CONSENT_DAT" Value=""></DestinationProperty>
					<ValueExpression Context="OC_RULES_V1">I_VERIF_VERI_DATE</ValueExpression>
		</InsertAction>
	</RuleRef>
	</RuleAssignment>
	<RuleDef OID="VERIFICATIONDATE" Name="Date from Verification of IFC gets inserted into eligibility CRF">
		<Description>VERIFICATION_DATE value gets inserted into Informed Consent date field in the Eligibility CRF</Description>
		<Expression>I_VERIF_VERI_DATE ne ""</Expression>
	</RuleDef>
</RuleImport>
			