<RuleImport>
    <RuleAssignment>
        <Target>SE_INITIALVISIT.F_LOCALLABORAT.IG_LOCAL_TESTS.I_LOCAL_SITE_AB</Target>
        <RuleRef OID="I_LOCAL_UNITS2">
            <InsertAction IfExpressionEvaluates="true">
			<Run AdministrativeDataEntry="true"
                    InitialDataEntry="true" DoubleDataEntry="true"
                    ImportDataEntry="false" Batch="false"/>
                <DestinationProperty OID="I_LOCAL_HEM_UNITS" Value="gm/L"/>
                <DestinationProperty OID="I_LOCAL_RBC_UNITS" Value="million cells/mcL"/>
                <DestinationProperty OID="I_LOCAL_WBC_UNITS" Value="cells/mcL"/>
                <DestinationProperty OID="I_LOCAL_RHE_UNITS" Value="IU/mL"/>
                <DestinationProperty OID="I_LOCAL_POT_UNITS" Value="mmol/L"/>
                <DestinationProperty OID="I_LOCAL_CAL_UNITS" Value="mmol/L"/>
                <DestinationProperty OID="I_LOCAL_ALB_UNITS" Value="umol/L"/>
            </InsertAction>
        </RuleRef>
    </RuleAssignment>
    <RuleDef OID="I_LOCAL_UNITS2" Name="Local Lab: Site B,D Units">
        <Description>Insert Units if Site B, D</Description>
        <Expression>I_LOCAL_SITE_AB eq 102 or I_LOCAL_SITE_AB eq 104</Expression>
    </RuleDef>
</RuleImport>
