<RuleImport>
	<RuleAssignment>
		<Target Context="OC_RULES_V1">SE_INITIALVISIT.F_PHYSICALEXAM.IG_PHYSI_UNGROUPED.I_PHYSI_BMI</Target>
		<RuleRef OID="INSERT_BMI_GT35">
			<InsertAction IfExpressionEvaluates="true">
				<Run AdministrativeDataEntry="true" InitialDataEntry="true" DoubleDataEntry="true" ImportDataEntry="false" Batch="true"/>
				<DestinationProperty OID="F_RANDOMIZATIO.IG_RANDO_RANDOMIZATION.I_RANDO_R1BMI" Value="Greater than 35">
				</DestinationProperty>
			</InsertAction>
		</RuleRef>

		<RuleRef OID="INSERT_BMI_28_35">			
			<InsertAction IfExpressionEvaluates="true">
				<Run AdministrativeDataEntry="true" InitialDataEntry="true" DoubleDataEntry="true" ImportDataEntry="false" Batch="true"/>
				<DestinationProperty OID="F_RANDOMIZATIO.IG_RANDO_RANDOMIZATION.I_RANDO_R1BMI" Value="28-35">
				</DestinationProperty>
			</InsertAction>
		</RuleRef>
		
		<RuleRef OID="INSERT_BMI_LTE27">
			<InsertAction IfExpressionEvaluates="true">
				<Run AdministrativeDataEntry="true" InitialDataEntry="true" DoubleDataEntry="true" ImportDataEntry="false" Batch="true"/>
				<DestinationProperty OID="F_RANDOMIZATIO.IG_RANDO_RANDOMIZATION.I_RANDO_R1BMI" Value="Less Than or Equal to 27"></DestinationProperty>
			</InsertAction>
		</RuleRef>
	</RuleAssignment>
	<RuleAssignment>
		<Target Context="OC_RULES_V1">SE_INITIALVISIT.F_DEMOGRAPHICS.IG_DEMOG_DEMO.I_DEMOG_DEM_GEN</Target>
		<RuleRef OID="INSERT_MALE">
	
			<InsertAction IfExpressionEvaluates="true">
				<Run AdministrativeDataEntry="true" InitialDataEntry="true" DoubleDataEntry="true" ImportDataEntry="false" Batch="true"/>
				<DestinationProperty OID="F_RANDOMIZATIO.IG_RANDO_RANDOMIZATION.I_RANDO_R1GENDER" Value="Male">
				</DestinationProperty>
			</InsertAction>	
			
		</RuleRef>	
			
		<RuleRef OID="INSERT_FEMALE">	
		
		<InsertAction IfExpressionEvaluates="true">
				<Run AdministrativeDataEntry="true" InitialDataEntry="true" DoubleDataEntry="true" ImportDataEntry="false" Batch="true"/>
				<DestinationProperty OID="F_RANDOMIZATIO.IG_RANDO_RANDOMIZATION.I_RANDO_R1GENDER" Value="Female">
				</DestinationProperty>
		</InsertAction>

		</RuleRef>
	</RuleAssignment>
	
	<RuleDef OID="INSERT_BMI_GT35" Name="INSERT_BMI_GT35">
		<Description>Insert BMI if greater than or equal to 35.</Description>
		<Expression>I_PHYSI_BMI gt 35</Expression>
	</RuleDef>
	
	<RuleDef OID="INSERT_BMI_28_35" Name="INSERT_BMI_28_35">
		<Description>Insert 28 to 35 if a value is greater than or equal to 28 and less than or equal to 35</Description>
		<Expression>I_PHYSI_BMI gte 28 and I_PHYSI_BMI lte 35</Expression>
	</RuleDef>
	
	<RuleDef OID="INSERT_BMI_LTE27" Name="INSERT_BMI_LTE27">
		<Description>Insert BMI if less than or equal to 27</Description>
		<Expression>I_PHYSI_BMI lte 27</Expression>
	</RuleDef>
	
	<RuleDef OID="INSERT_MALE" Name="INSERT_MALE">
		<Description>Insert "Male" if male is selectd on Demographics form.</Description>
		<Expression>I_DEMOG_DEM_GEN eq 1</Expression>
	</RuleDef>
	
	<RuleDef OID="INSERT_FEMALE" Name="INSERT_FEMALE">
		<Description>Insert "Female" if female is selected on Demographics form.</Description>
		<Expression>I_DEMOG_DEM_GEN eq 2</Expression>
	</RuleDef>
	
</RuleImport>