<RuleImport>
    <RuleAssignment>
        <Target>SE_INITIALVISIT.F_LOCALLABORAT.IG_LOCAL_TESTS.I_LOCAL_SITE_AB</Target>
        <RuleRef OID="I_LOCAL_UNITS1">
            <InsertAction IfExpressionEvaluates="true">
			<Run AdministrativeDataEntry="true"
                    InitialDataEntry="true" DoubleDataEntry="true"
                    ImportDataEntry="false" Batch="false"/>
                <DestinationProperty OID="I_LOCAL_HEM_UNITS" Value="gm/dL"/>
                <DestinationProperty OID="I_LOCAL_RBC_UNITS" Value="trillion cells/L"/>
                <DestinationProperty OID="I_LOCAL_WBC_UNITS" Value="billion cells/L"/>
                <DestinationProperty OID="I_LOCAL_RHE_UNITS" Value="IU/mL"/>
                <DestinationProperty OID="I_LOCAL_POT_UNITS" Value="mEq/L"/>
                <DestinationProperty OID="I_LOCAL_CAL_UNITS" Value="mg/dL"/>
                <DestinationProperty OID="I_LOCAL_ALB_UNITS" Value="g/dL"/>                
            </InsertAction>
        </RuleRef>
    </RuleAssignment>
    <RuleDef OID="I_LOCAL_UNITS1" Name="Local Lab: Site A,C,E Units">
        <Description>Insert Units if Site A, C, E</Description>
        <Expression>(I_LOCAL_SITE_AB eq 101) or (I_LOCAL_SITE_AB eq 103) or
            (I_LOCAL_SITE_AB eq 105)</Expression>
    </RuleDef>
</RuleImport>
