<RuleImport>
	<RuleAssignment>
		<Target Context="OC_RULES_V1">SE_INITIALVISIT.F_PHYSICALEXAM.IG_PHYSI_UNGROUPED.I_PHYSI_BMI</Target>
		<RuleRef OID="INSERT_BMI_GTE35">
		
			
			<InsertAction IfExpressionEvaluates="true">
				<Run AdministrativeDataEntry="true" InitialDataEntry="true" DoubleDataEntry="true" ImportDataEntry="false" Batch="true"/>
				<DestinationProperty OID="F_RANDOMIZATIO.IG_RANDO_RANDOMIZATION.I_RANDO_R1BMI" Value="Greater Than or Equal to 35">
				</DestinationProperty>
			</InsertAction>
			

		</RuleRef>
	</RuleAssignment>
	
	<RuleDef OID="INSERT_BMI_GTE35" Name="INSERT_BMI_GTE35">
		<Description>Insert BMI if greater than or equal to 35.</Description>
		<Expression>I_PHYSI_BMI gte 35</Expression>
	</RuleDef>
	
</RuleImport>