<?xml version="1.0" encoding="UTF-8"?>
<RuleImport>
	<RuleAssignment>
	<Target Context="OC_RULES_V1">F_LOCALLABORAT.IG_LOCAL_TESTS.I_LOCAL_HEM_HEM</Target>
		<RuleRef OID="I_LOCAL_HEM_HEM_A">
			<DiscrepancyNoteAction IfExpressionEvaluates="true">
                <Run AdministrativeDataEntry="true" InitialDataEntry="true" DoubleDataEntry="true" ImportDataEntry="false" Batch="true" />
				<Message>Hemoglobin is out of the expected range (9-19 mg/dL). Please verify your response.</Message>
			</DiscrepancyNoteAction>
		</RuleRef>
		<RuleRef OID="I_LOCAL_HEM_HEM_B">
			<DiscrepancyNoteAction IfExpressionEvaluates="true">
                <Run AdministrativeDataEntry="true" InitialDataEntry="true" DoubleDataEntry="true" ImportDataEntry="false" Batch="true" />
				<Message>Hemoglobin is out of the expected range (8.5-19.5 mg/dL). Please verify your response.</Message>
			</DiscrepancyNoteAction>
		</RuleRef>
	</RuleAssignment>
	<RuleAssignment>
	<Target Context="OC_RULES_V1">F_LOCALLABORAT.IG_LOCAL_TESTS.I_LOCAL_HEM_RBC</Target>
		<RuleRef OID="I_LOCAL_HEM_RBC_A">
			<DiscrepancyNoteAction IfExpressionEvaluates="true">
                <Run AdministrativeDataEntry="true" InitialDataEntry="true" DoubleDataEntry="true" ImportDataEntry="false" Batch="true" />
				<Message>RBC is out of the expected range (3-8 trillion cells/L). Please verify your response.</Message>
			</DiscrepancyNoteAction>
		</RuleRef>
		<RuleRef OID="I_LOCAL_HEM_RBC_B">
			<DiscrepancyNoteAction IfExpressionEvaluates="true">
                <Run AdministrativeDataEntry="true" InitialDataEntry="true" DoubleDataEntry="true" ImportDataEntry="false" Batch="true" />
				<Message>RBC is out of the expected range (2.5-8.5 trillion cells/L). Please verify your response.</Message>
			</DiscrepancyNoteAction>
		</RuleRef>
	</RuleAssignment>	
	<RuleAssignment>
	<Target Context="OC_RULES_V1">F_LOCALLABORAT.IG_LOCAL_TESTS.I_LOCAL_HEM_WBC</Target>
		<RuleRef OID="I_LOCAL_HEM_WBC_A">
			<DiscrepancyNoteAction IfExpressionEvaluates="true">
                <Run AdministrativeDataEntry="true" InitialDataEntry="true" DoubleDataEntry="true" ImportDataEntry="false" Batch="true" />
				<Message>WBC is out of the expected range (2.5-11.5 billion cells/L). Please verify your response.</Message>
			</DiscrepancyNoteAction>
		</RuleRef>
		<RuleRef OID="I_LOCAL_HEM_WBC_B">
			<DiscrepancyNoteAction IfExpressionEvaluates="true">
                <Run AdministrativeDataEntry="true" InitialDataEntry="true" DoubleDataEntry="true" ImportDataEntry="false" Batch="true" />
				<Message>WBC is out of the expected range (2-12 billion cells/L). Please verify your response.</Message>
			</DiscrepancyNoteAction>
		</RuleRef>
	</RuleAssignment>	
	<RuleAssignment>
	<Target Context="OC_RULES_V1">F_LOCALLABORAT.IG_LOCAL_TESTS.I_LOCAL_HEM_RHE</Target>
		<RuleRef OID="I_LOCAL_HEM_RHE_A">
			<DiscrepancyNoteAction IfExpressionEvaluates="true">
                <Run AdministrativeDataEntry="true" InitialDataEntry="true" DoubleDataEntry="true" ImportDataEntry="false" Batch="true" />
				<Message>Rheumatoid Factor is out of the expected range (less than 40 u/mL). Please verify your response.</Message>
			</DiscrepancyNoteAction>
		</RuleRef>
		<RuleRef OID="I_LOCAL_HEM_RHE_B">
			<DiscrepancyNoteAction IfExpressionEvaluates="true">
                <Run AdministrativeDataEntry="true" InitialDataEntry="true" DoubleDataEntry="true" ImportDataEntry="false" Batch="true" />
				<Message>Rheumatoid Factor is out of the expected range (less than 35 u/mL). Please verify your response.</Message>
			</DiscrepancyNoteAction>
		</RuleRef>
	</RuleAssignment>
	<RuleAssignment>
	<Target Context="OC_RULES_V1">F_LOCALLABORAT.IG_LOCAL_TESTS.I_LOCAL_CH_POT</Target>
		<RuleRef OID="I_LOCAL_CH_POT_A">
			<DiscrepancyNoteAction IfExpressionEvaluates="true">
                <Run AdministrativeDataEntry="true" InitialDataEntry="true" DoubleDataEntry="true" ImportDataEntry="false" Batch="true" />
				<Message>Potassium is out of the expected range (3-6 mEq/L). Please verify your response.</Message>
			</DiscrepancyNoteAction>
		</RuleRef>
		<RuleRef OID="I_LOCAL_CH_POT_B">
			<DiscrepancyNoteAction IfExpressionEvaluates="true">
                <Run AdministrativeDataEntry="true" InitialDataEntry="true" DoubleDataEntry="true" ImportDataEntry="false" Batch="true" />
				<Message>Potassium is out of the expected range (2.5-6.5 mEq/L). Please verify your response.</Message>
			</DiscrepancyNoteAction>
		</RuleRef>
	</RuleAssignment>
		<RuleAssignment>
	<Target Context="OC_RULES_V1">F_LOCALLABORAT.IG_LOCAL_TESTS.I_LOCAL_CH_CAL</Target>
		<RuleRef OID="I_LOCAL_CH_CAL_A">
			<DiscrepancyNoteAction IfExpressionEvaluates="true">
                <Run AdministrativeDataEntry="true" InitialDataEntry="true" DoubleDataEntry="true" ImportDataEntry="false" Batch="true" />
				<Message>Calcium is out of the expected range (8-11 mg/dL). Please verify your response.</Message>
			</DiscrepancyNoteAction>
		</RuleRef>
		<RuleRef OID="I_LOCAL_CH_CAL_B">
			<DiscrepancyNoteAction IfExpressionEvaluates="true">
                <Run AdministrativeDataEntry="true" InitialDataEntry="true" DoubleDataEntry="true" ImportDataEntry="false" Batch="true" />
				<Message>Calcium is out of the expected range (7.5-11.5 mg/dL). Please verify your response.</Message>
			</DiscrepancyNoteAction>
		</RuleRef>
	</RuleAssignment>
		<RuleAssignment>
	<Target Context="OC_RULES_V1">F_LOCALLABORAT.IG_LOCAL_TESTS.I_LOCAL_CH_ALB</Target>
		<RuleRef OID="I_LOCAL_CH_ALB_A">
			<DiscrepancyNoteAction IfExpressionEvaluates="true">
                <Run AdministrativeDataEntry="true" InitialDataEntry="true" DoubleDataEntry="true" ImportDataEntry="false" Batch="true" />
				<Message>Albumin is out of the expected range (3-6 g/dL). Please verify your response.</Message>
			</DiscrepancyNoteAction>
		</RuleRef>
		<RuleRef OID="I_LOCAL_CH_ALB_B">
			<DiscrepancyNoteAction IfExpressionEvaluates="true">
                <Run AdministrativeDataEntry="true" InitialDataEntry="true" DoubleDataEntry="true" ImportDataEntry="false" Batch="true" />
				<Message>Albumin is out of the expected range (2.5-6.5 g/dL). Please verify your response.</Message>
			</DiscrepancyNoteAction>
		</RuleRef>
	</RuleAssignment>
	<RuleDef OID="I_LOCAL_HEM_HEM_A" Name="Local Lab: Site A Hemoglobin">
		<Description>Site A: Hemoglobin should be between 9 and 19 mg/dL</Description>
		<Expression>SE_VISIT1.F_LOCALLABORAT.IG_LOCAL_TESTS.I_LOCAL_SITE_AB eq 1 and (I_LOCAL_HEM_HEM lt 9 or I_LOCAL_HEM_HEM gt 19)</Expression>
	</RuleDef>
	<RuleDef OID="I_LOCAL_HEM_HEM_B" Name="Local Lab: Site B Hemoglobin">
		<Description>Site B: Hemoglobin should be between 8.5 and 19.5 mg/dL</Description>
		<Expression>SE_VISIT1.F_LOCALLABORAT.IG_LOCAL_TESTS.I_LOCAL_SITE_AB eq 2 and (I_LOCAL_HEM_HEM lt 8.5 or I_LOCAL_HEM_HEM gt 19.5)</Expression>
	</RuleDef>
		<RuleDef OID="I_LOCAL_HEM_RBC_A" Name="Local Lab: Site A RBC">
		<Description>Site A: RBC should be between 3 and 8 trillion cells/L</Description>
		<Expression>SE_VISIT1.F_LOCALLABORAT.IG_LOCAL_TESTS.I_LOCAL_SITE_AB eq 1 and (I_LOCAL_HEM_RBC lt 3 or I_LOCAL_HEM_RBC gt 8)</Expression>
	</RuleDef>
	<RuleDef OID="I_LOCAL_HEM_RBC_B" Name="Local Lab: Site B RBC">
		<Description>Site B: RBC should be between 2.5 and 8.5 trillion cells/L</Description>
		<Expression>SE_VISIT1.F_LOCALLABORAT.IG_LOCAL_TESTS.I_LOCAL_SITE_AB eq 2 and (I_LOCAL_HEM_RBC lt 2.5 or I_LOCAL_HEM_RBC gt 8.5)</Expression>
	</RuleDef>
	<RuleDef OID="I_LOCAL_HEM_WBC_A" Name="Local Lab: Site A WBC">
		<Description>Site A: WBC should be between 2.5 and 11.5 billion cells/L</Description>
		<Expression>SE_VISIT1.F_LOCALLABORAT.IG_LOCAL_TESTS.I_LOCAL_SITE_AB eq 1 and (I_LOCAL_HEM_WBC lt 2.5 or I_LOCAL_HEM_WBC gt 11.5)</Expression>
	</RuleDef>
	<RuleDef OID="I_LOCAL_HEM_WBC_B" Name="Local Lab: Site B WBC">
		<Description>Site B: WBC should be between 2 and 12 billion cells/L</Description>
		<Expression>SE_VISIT1.F_LOCALLABORAT.IG_LOCAL_TESTS.I_LOCAL_SITE_AB eq 2 and (I_LOCAL_HEM_WBC lt 2 or I_LOCAL_HEM_WBC gt 12)</Expression>
	</RuleDef>
	<RuleDef OID="I_LOCAL_HEM_RHE_A" Name="Local Lab: Site A Rhe factor">
		<Description>Site A: Rhe factor should be less than 40 u/mL</Description>
		<Expression>SE_VISIT1.F_LOCALLABORAT.IG_LOCAL_TESTS.I_LOCAL_SITE_AB eq 1 and I_LOCAL_HEM_RHE gt 40</Expression>
	</RuleDef>
	<RuleDef OID="I_LOCAL_HEM_RHE_B" Name="Local Lab: Site B Rhe factor">
		<Description>Site B: Rhe factor should be less than 35 u/mL</Description>
		<Expression>SE_VISIT1.F_LOCALLABORAT.IG_LOCAL_TESTS.I_LOCAL_SITE_AB eq 2 and I_LOCAL_HEM_RHE gt 35</Expression>
	</RuleDef>
	<RuleDef OID="I_LOCAL_CH_POT_A" Name="Local Lab: Site A Potassium">
		<Description>Site A: Potassium should be between 3 and 6 mEq/L</Description>
		<Expression>SE_VISIT1.F_LOCALLABORAT.IG_LOCAL_TESTS.I_LOCAL_SITE_AB eq 1 and (I_LOCAL_CH_POT lt 3 or I_LOCAL_CH_POT gt 6)</Expression>
	</RuleDef>
	<RuleDef OID="I_LOCAL_CH_POT_B" Name="Local Lab: Site B Potassium">
		<Description>Site B: Potassium should be between 2.5 and 6.5 mEq/L</Description>
		<Expression>SE_VISIT1.F_LOCALLABORAT.IG_LOCAL_TESTS.I_LOCAL_SITE_AB eq 2 and (I_LOCAL_CH_POT lt 2.5 or I_LOCAL_CH_POT gt 6.5)</Expression>
	</RuleDef>
	<RuleDef OID="I_LOCAL_CH_CAL_A" Name="Local Lab: Site A Calcium">
		<Description>Site A: Calcium should be between 8 and 11 mg/dL</Description>
		<Expression>SE_VISIT1.F_LOCALLABORAT.IG_LOCAL_TESTS.I_LOCAL_SITE_AB eq 1 and (I_LOCAL_CH_CAL lt 8 or I_LOCAL_CH_CAL gt 11)</Expression>
	</RuleDef>
	<RuleDef OID="I_LOCAL_CH_CAL_B" Name="Local Lab: Site B Calcium">
		<Description>Site B: Calcium should be between 7.5 and 11.5 mg/dL</Description>
		<Expression>SE_VISIT1.F_LOCALLABORAT.IG_LOCAL_TESTS.I_LOCAL_SITE_AB eq 2 and (I_LOCAL_CH_CAL lt 7.5 or I_LOCAL_CH_CAL gt 11.5)</Expression>
	</RuleDef>
		<RuleDef OID="I_LOCAL_CH_ALB_A" Name="Local Lab: Site A Albumin">
		<Description>Site A: Albumin should be between 3 and 6 g/dL</Description>
		<Expression>SE_VISIT1.F_LOCALLABORAT.IG_LOCAL_TESTS.I_LOCAL_SITE_AB eq 1 and (I_LOCAL_CH_ALB lt 3 or I_LOCAL_CH_ALB gt 6)</Expression>
	</RuleDef>
	<RuleDef OID="I_LOCAL_CH_ALB_B" Name="Local Lab: Site B Albumin">
		<Description>Site B: Albumin should be between 2.5 and 6.5 q/dL</Description>
		<Expression>SE_VISIT1.F_LOCALLABORAT.IG_LOCAL_TESTS.I_LOCAL_SITE_AB eq 2 and (I_LOCAL_CH_ALB lt 2.5 or I_LOCAL_CH_ALB gt 6.5)</Expression>
	</RuleDef>
</RuleImport>