<RuleImport>
	<RuleAssignment>
		<Target Context="OC_RULES_V1">F_EATINGHABITS.IG_EATIN_VITAMINLOG.I_EATIN_AMTVIT</Target>
		<RuleRef OID="I_EATIN_AMTVIT_SPEC">
			<DiscrepancyNoteAction IfExpressionEvaluates="true">
				<Run AdministrativeDataEntry="true" InitialDataEntry="true" DoubleDataEntry="true" ImportDataEntry="false" Batch="true" />
                <Message> If supplement is provided, a daily amount must be given.</Message>
			</DiscrepancyNoteAction>
		</RuleRef>
	</RuleAssignment>	
	<RuleDef OID="I_EATIN_AMTVIT_SPEC" Name="I_EATIN_AMTVIT_SPEC">
		<Description> Specify</Description>
		<Expression>I_EATIN_NAMEVIT ne "" and I_EATIN_AMTVIT eq ""</Expression>
	</RuleDef>
</RuleImport>