<RuleImport>
	<RuleAssignment>
		<Target Context="OC_RULES_V1">F_EATINGHABITS.IG_EATIN_HABITS.I_EATIN_LVALONE</Target>
		<RuleRef OID="I_EATIN_LVALONE_NO">
			
			<ShowAction IfExpressionEvaluates="true">
				<Run AdministrativeDataEntry="true" InitialDataEntry="true" DoubleDataEntry="true" ImportDataEntry="false" Batch="false" />
                <Message>If "No" was selected, please complete the following at least.</Message>
				<DestinationProperty OID="I_EATIN_ADULT"/>
				<DestinationProperty OID="I_EATIN_CHILDREN"/>
				<DestinationProperty OID="I_EATIN_DINNER"/>
			</ShowAction>			
			<HideAction IfExpressionEvaluates="false">
				<Run AdministrativeDataEntry="true" InitialDataEntry="true" DoubleDataEntry="true" ImportDataEntry="false" Batch="false" />
                <Message></Message>
				<DestinationProperty OID="I_EATIN_ADULT"/>
				<DestinationProperty OID="I_EATIN_CHILDREN"/>
				<DestinationProperty OID="I_EATIN_DINNER"/>
			</HideAction>
		</RuleRef>
	</RuleAssignment>
	<RuleDef OID="I_EATIN_LVALONE_NO" Name="I_EATIN_LVALONE_NO">
		<Description> When No is selected </Description>
		<Expression>I_EATIN_LVALONE eq 0</Expression>
	</RuleDef>
</RuleImport>