<RuleImport>
    <RuleAssignment>
        <Target>F_ADVERSEEVENT.IG_ADVER_AELOG.I_ADVER_AE_OUT</Target>
        <RuleRef OID="I_ADVER_AE_OUT_ONGOING">
            <DiscrepancyNoteAction IfExpressionEvaluates="true">
                <Run AdministrativeDataEntry="true"
                    InitialDataEntry="true" DoubleDataEntry="true"
                    ImportDataEntry="false" Batch="true"/>
                <Message>If not 'Ongoing', please provide the Date of Resolution.</Message>
            </DiscrepancyNoteAction>
        </RuleRef>
    </RuleAssignment>
    <RuleDef OID="I_ADVER_AE_OUT_ONGOING" Name="AE Log: Date Resolution Required">
        <Description>Date of Resolution should be provided if any option
            except 'Ongoing' was selected for Outcome.</Description>
        <Expression>(I_ADVER_AE_OUT eq 1 or I_ADVER_AE_OUT eq 2 or
            I_ADVER_AE_OUT eq 4 or I_ADVER_AE_OUT eq 5) and
            I_ADVER_AE_DTRE eq &quot;&quot;</Expression>
    </RuleDef>
</RuleImport>
