<?xml version="1.0" encoding="UTF-8"?>
<RuleImport>
    <RuleAssignment>
        <Target>F_ADVERSEEVENT.IG_ADVER_AELOG.I_ADVER_AE_OUT</Target>
        <RuleRef OID="I_ADVER_AE_OUT_RESDATE">
            <DiscrepancyNoteAction IfExpressionEvaluates="true">
                <Run AdministrativeDataEntry="true"
                    InitialDataEntry="true" DoubleDataEntry="true"
                    ImportDataEntry="false" Batch="true"/>
                <Message>'Ongoing' was selected for Outcome but a Date
                    of Resolution was entered. Please verify your response.</Message>
            </DiscrepancyNoteAction>
        </RuleRef>
    </RuleAssignment>
    <RuleDef OID="I_ADVER_AE_OUT_RESDATE" Name="AE Log: Date Resolution not Ongoing">
        <Description>If Date of Resolution is provided, 'Ongoing' should
            not be selected for Outcome.</Description>
        <Expression>I_ADVER_AE_OUT eq 3 and I_ADVER_AE_DTRE ne &quot;&quot;</Expression>
    </RuleDef>
</RuleImport>
