<RuleImport>
    <RuleAssignment>
        <Target>F_ADVERSEEVENT.IG_ADVER_AELOG.I_ADVER_AE_OTOUT</Target>
        <RuleRef OID="I_ADVER_AE_OTOUT_BLANK">
            <DiscrepancyNoteAction IfExpressionEvaluates="true">
                <Run AdministrativeDataEntry="true"
                    InitialDataEntry="true" DoubleDataEntry="true"
                    ImportDataEntry="false" Batch="true"/>
                <Message>'Other' was selected for Outcome. Please
                    specify in the field provided.</Message>
            </DiscrepancyNoteAction>
        </RuleRef>
    </RuleAssignment>
    <RuleDef OID="I_ADVER_AE_OTOUT_BLANK" Name="AE Log: Other should be completed">
        <Description>If Other is selected for Outcome, the 'If Other,
            specify' field should be completed.</Description>
        <Expression>I_ADVER_AE_OTOUT eq &quot;&quot; and I_ADVER_AE_OUT
            eq 5</Expression>
    </RuleDef>
</RuleImport>
