<RuleImport>
    <RuleAssignment>
        <Target>F_ADVERSEEVENT.IG_ADVER_AELOG.I_ADVER_AE_OTOUT</Target>
        <RuleRef OID="I_ADVER_AE_OTOUT_COMP">
            <DiscrepancyNoteAction IfExpressionEvaluates="true">
                <Run AdministrativeDataEntry="true"
                    InitialDataEntry="true" DoubleDataEntry="true"
                    ImportDataEntry="false" Batch="true"/>
                <Message>'Other' should only be completed if 'Other' was
                    selected for Outcome. Please verify your response.</Message>
            </DiscrepancyNoteAction>
        </RuleRef>
    </RuleAssignment>
    <RuleDef OID="I_ADVER_AE_OTOUT_COMP" Name="AE Log: Other should be blank">
        <Description>Other should be blank unless selected for Outcome.</Description>
        <Expression>I_ADVER_AE_OTOUT ne &quot;&quot; and (I_ADVER_AE_OUT
            eq 1 or I_ADVER_AE_OUT eq 2 or I_ADVER_AE_OUT eq 3 or
            I_ADVER_AE_OUT eq 4)</Expression>
    </RuleDef>
</RuleImport>
