<RuleImport>
	<RuleAssignment>
		<Target Context="OC_RULES_V1">F_PHYSICALEXAM.IG_PHYSI_OTHERBODYSYSTEMSITE.I_PHYSI_OTHERBODYSYSTEM_COMMENTS</Target>
		<RuleRef OID="I_PHYSI_OTHERBODYSYSTEM_COMMENTS_RAB">
			<DiscrepancyNoteAction IfExpressionEvaluates="true">
				<Run AdministrativeDataEntry="true" InitialDataEntry="true" DoubleDataEntry="true" ImportDataEntry="false" Batch="true" />
                <Message> If Abnormal is selected comments are required.</Message>
			</DiscrepancyNoteAction>
				</RuleRef>
	</RuleAssignment>
	<RuleDef OID="I_PHYSI_OTHERBODYSYSTEM_COMMENTS_RAB" Name="I_PHYSI_OTHERBODYSYSTEM_COMMENTS_RAB">
		<Description>I_PHYSI_OTHERBODYSYSTEM_COMMENTS_RAB</Description>
		<Expression>I_PHYSI_OTHERBODYSYSTEM_STATUS eq 2 and I_PHYSI_OTHERBODYSYSTEM_COMMENTS eq ""</Expression>
	</RuleDef>
</RuleImport>