<RuleImport>
	<RuleAssignment>
		<Target Context="OC_RULES_V1">F_CD64VITALSIG.IG_CD64V_POST.I_CD64V_LVSPO</Target>
		<RuleRef OID="I_CD64V_LVSPO_YES">
			<ShowAction IfExpressionEvaluates="true">
				<Run AdministrativeDataEntry="true" InitialDataEntry="true" DoubleDataEntry="true" ImportDataEntry="false" Batch="false" />
                <Message>Please complete the information below.</Message>
				<DestinationProperty OID="IG_CD64V_POPG"/>
			</ShowAction>			
			<HideAction IfExpressionEvaluates="false">
				<Run AdministrativeDataEntry="true" InitialDataEntry="true" DoubleDataEntry="true" ImportDataEntry="false" Batch="false" />
                <Message></Message>
				<DestinationProperty OID="IG_CD64V_POPG"/>
			</HideAction>
				</RuleRef>
	</RuleAssignment>
	<RuleDef OID="I_CD64V_LVSPO_YES" Name="I_CD64V_LVSPO_YES">
		<Description>I_CD64V_LVSPO_YES</Description>
		<Expression>I_CD64V_LVSPO eq 1</Expression>
	</RuleDef>
</RuleImport>