<?xml version="1.0" encoding="UTF-8"?>
<RuleImport>
    <RuleAssignment>
        <Target>F_LOCALLABORAT.IG_LOCAL_TESTS.I_LOCAL_CH_POT</Target>
        <RuleRef OID="I_LOCAL_CH_POT_B">
            <DiscrepancyNoteAction IfExpressionEvaluates="true">
                <Run AdministrativeDataEntry="true"
                    InitialDataEntry="true" DoubleDataEntry="true"
                    ImportDataEntry="false" Batch="true"/>
                <Message>Potassium is out of the expected range (3-5.5
                    mmol/L). Please verify your response.</Message>
            </DiscrepancyNoteAction>
        </RuleRef>
    </RuleAssignment>
    <RuleDef OID="I_LOCAL_CH_POT_B" Name="Local Lab: Site B, D Potassium">
        <Description>Site B, D: Potassium should be between 3 and 5.5 mmol/L</Description>

        <Expression>(SE_FIRSTVISIT.F_LOCALLABORAT.IG_LOCAL_TESTS.I_LOCAL_SITE_AB
            eq 102 or
            SE_FIRSTVISIT.F_LOCALLABORAT.IG_LOCAL_TESTS.I_LOCAL_SITE_AB
            eq 104) and (I_LOCAL_CH_POT lt 3 or I_LOCAL_CH_POT gt 5.5)</Expression>
    </RuleDef>
</RuleImport>
