<?xml version="1.0" encoding="UTF-8"?>
<RuleImport>
    <RuleAssignment>
        <Target>F_LOCALLABORAT.IG_LOCAL_TESTS.I_LOCAL_CH_POT</Target>
        <RuleRef OID="I_LOCAL_CH_POT_A">
            <DiscrepancyNoteAction IfExpressionEvaluates="true">
                <Run AdministrativeDataEntry="true"
                    InitialDataEntry="true" DoubleDataEntry="true"
                    ImportDataEntry="false" Batch="true"/>
                <Message>Potassium is out of the expected range (3.5-5
                    mEq/L). Please verify your response.</Message>
            </DiscrepancyNoteAction>
        </RuleRef>
    </RuleAssignment>
    <RuleDef OID="I_LOCAL_CH_POT_A" Name="Local Lab: Site A, C, E Potassium">
        <Description>Site A, C, E: Potassium should be between 3.5 and 5 mEq/L</Description>

        <Expression>(SE_FIRSTVISIT.F_LOCALLABORAT.IG_LOCAL_TESTS.I_LOCAL_SITE_AB
            eq 101 or
            SE_FIRSTVISIT.F_LOCALLABORAT.IG_LOCAL_TESTS.I_LOCAL_SITE_AB
            eq 103 or
            SE_FIRSTVISIT.F_LOCALLABORAT.IG_LOCAL_TESTS.I_LOCAL_SITE_AB
            eq 105) and (I_LOCAL_CH_POT lt 3.5 or I_LOCAL_CH_POT gt 5)</Expression>
    </RuleDef>
</RuleImport>
