<RuleImport>
    <RuleAssignment>
        <Target>F_RANDOMIZATIO.IG_RANDO_RANDOMIZATION.I_RANDO_RCONFIRM</Target>
        <RuleRef OID="RANDOMIZATION">
            <RandomizeAction IfExpressionEvaluates="true">
                <Run AdministrativeDataEntry="false" InitialDataEntry="true" DoubleDataEntry="false" ImportDataEntry="false" Batch="false"/>
                <DestinationProperty OID="I_RANDO_RASSIGN"/>
                <StratificationFactors>
                    <StratificationFactor>I_RANDO_R1AGE</StratificationFactor>
					<StratificationFactor>I_RANDO_R1GENDER</StratificationFactor>
                    <StratificationFactor>I_RANDO_R1BMI</StratificationFactor>      
                </StratificationFactors>
            </RandomizeAction>
        </RuleRef>
    </RuleAssignment>
    <RuleDef OID="RANDOMIZATION" Name="RANDOMIZATION">
        <Description>Perform randomization if confirmation is "Yes"</Description>
        <Expression>I_RANDO_RCONFIRM eq 1</Expression>
    </RuleDef>
</RuleImport>