<?xml version="1.0" encoding="UTF-8"?>
<RuleImport>
    <RuleAssignment>
        <Target>F_LOCALLABORAT.IG_LOCAL_TESTS.I_LOCAL_HEM_RBC</Target>
        <RuleRef OID="I_LOCAL_HEM_RBC_A">
            <DiscrepancyNoteAction IfExpressionEvaluates="true">
                <Run AdministrativeDataEntry="true"
                    InitialDataEntry="true" DoubleDataEntry="true"
                    ImportDataEntry="false" Batch="true"/>
                <Message>RBC is out of the expected range (4-6 trillion
                    cells/L). Please verify your response.</Message>
            </DiscrepancyNoteAction>
        </RuleRef>
    </RuleAssignment>
    <RuleDef OID="I_LOCAL_HEM_RBC_A" Name="Local Lab: Site A, C, E RBC">
        <Description>Site A, C, E: RBC should be between 4 and 6
            trillion cells/L</Description>

        <Expression>(SE_FIRSTVISIT.F_LOCALLABORAT.IG_LOCAL_TESTS.I_LOCAL_SITE_AB
            eq 101 or
            SE_FIRSTVISIT.F_LOCALLABORAT.IG_LOCAL_TESTS.I_LOCAL_SITE_AB
            eq 103 or
            SE_FIRSTVISIT.F_LOCALLABORAT.IG_LOCAL_TESTS.I_LOCAL_SITE_AB
            eq 105) and (I_LOCAL_HEM_RBC lt 4 or I_LOCAL_HEM_RBC gt 6)</Expression>
    </RuleDef>
</RuleImport>
