<?xml version="1.0" encoding="UTF-8"?>
<RuleImport>
    <RuleAssignment>
        <Target>F_LOCALLABORAT.IG_LOCAL_TESTS.I_LOCAL_HEM_RHE</Target>
        <RuleRef OID="I_LOCAL_HEM_RHE_ALL">
            <DiscrepancyNoteAction IfExpressionEvaluates="true">
                <Run AdministrativeDataEntry="true"
                    InitialDataEntry="true" DoubleDataEntry="true"
                    ImportDataEntry="false" Batch="true"/>
                <Message>Rheumatoid Factor is out of the expected range
                    (0-60 IU/mL). Please verify your response.</Message>
            </DiscrepancyNoteAction>
        </RuleRef>
    </RuleAssignment>
    <RuleDef OID="I_LOCAL_HEM_RHE_ALL" Name="Local Lab: All Site Rhe factor">
        <Description>All Sites: Rhe factor should be between 0 and 60 IU/mL</Description>
        <Expression>I_LOCAL_HEM_RHE lt 0 or I_LOCAL_HEM_RHE gt 60</Expression>
    </RuleDef>
</RuleImport>
