<?xml version="1.0" encoding="UTF-8"?>
<RuleImport>
    <RuleAssignment>
        <Target>SE_INITIALVISIT.STARTDATE</Target>
        <RuleRef OID="SE_1WEEKFU_STARTDATE">
            <EventAction IfExpressionEvaluates="true" OID="SE_1WEEKFU">
                <RunOnStatus not_scheduled="true" scheduled="true"
                    data_entry_started="false" completed="false"
                    skipped="false" stopped="false"/>
                <EventDestination Property="STARTDATE">
                    <ValueExpression>SE_INITIALVISIT.STARTDATE + 7</ValueExpression>
                </EventDestination>
            </EventAction>
        </RuleRef>
		 <RuleRef OID="SE_2WEEKFU_STARTDATE">
            <EventAction IfExpressionEvaluates="true" OID="SE_2WEEKFU">
                <RunOnStatus not_scheduled="true" scheduled="true"
                    data_entry_started="false" completed="false"
                    skipped="false" stopped="false"/>
                <EventDestination Property="STARTDATE">
                    <ValueExpression>SE_INITIALVISIT.STARTDATE + 14</ValueExpression>
                </EventDestination>
            </EventAction>
        </RuleRef>
    </RuleAssignment>
    <RuleDef OID="SE_1WEEKFU_STARTDATE" Name="JUNO: Schedule 1 Week F/U">
        <Description>If first visit startdate is present, set 1 week
            follow up startdate to first visit + 7 days.</Description>
        <Expression>SE_INITIALVISIT.STARTDATE ne &quot;&quot;</Expression>
    </RuleDef>
	<RuleDef OID="SE_2WEEKFU_STARTDATE" Name="JUNO: Schedule 2 Week F/U">
        <Description>If first visit startdate is present, set 2 week
            follow up startdate to first visit + 14 days.</Description>
        <Expression>SE_INITIALVISIT.STARTDATE ne ""</Expression>
    </RuleDef>
</RuleImport>
