<?xml version="1.0" encoding="UTF-8"?>
<RuleImport>
	<RuleAssignment>
	<Target Context="OC_RULES_V1">F_TEVAARQDRAFT.IG_TEVAA_WEEK.I_TEVAA_QS_QSORRES_ARQ001</Target>
		<RuleRef OID="F_TEVAARQDRAFT_INSERTS">
            <InsertAction IfExpressionEvaluates="true">
                <Run AdministrativeDataEntry="true" InitialDataEntry="true" DoubleDataEntry="true" ImportDataEntry="false" Batch="false"/>
				<DestinationProperty OID="F_TEVA_GINA_DR.IG_TEVA__VARIABLES.I_TEVA__GINA_RELIEVER"><ValueExpression Context="OC_RULES_V1">I_TEVAA_QS_QSORRES_ARQ001</ValueExpression></DestinationProperty>
				<DestinationProperty OID="F_TEVA_GINA_DR.IG_TEVA__VARIABLES.I_TEVA__GINA_DAY"><ValueExpression Context="OC_RULES_V1">I_TEVAA_QS_QSORRES_ARQ002</ValueExpression></DestinationProperty>
				<DestinationProperty OID="F_TEVA_GINA_DR.IG_TEVA__VARIABLES.I_TEVA__GINA_NIGHT"><ValueExpression Context="OC_RULES_V1">I_TEVAA_QS_QSORRES_ARQ003</ValueExpression></DestinationProperty>
				<DestinationProperty OID="F_TEVA_GINA_DR.IG_TEVA__VARIABLES.I_TEVA__GINA_SYMPTOMS"><ValueExpression Context="OC_RULES_V1">I_TEVAA_QS_QSORRES_ARQ004</ValueExpression></DestinationProperty>
            </InsertAction>
		</RuleRef>
	</RuleAssignment>
	<RuleAssignment>
	<Target Context="OC_RULES_V1">F_TEVA_GINA_DR.IG_TEVA__VARIABLES.I_TEVA__GINA_PEF_PERCENT</Target>
		<RuleRef OID="F_TEVA_GINA_DR_SHOWHIDE_ST">
            <ShowAction IfExpressionEvaluates="true">
                <Run AdministrativeDataEntry="true" InitialDataEntry="true" DoubleDataEntry="true" ImportDataEntry="false" Batch="false" />
                <Message>Please provide Status:</Message>
				<DestinationProperty OID ="I_TEVA__GINA_STATUS"/>
            </ShowAction>			
			<HideAction IfExpressionEvaluates="false">
                <Run AdministrativeDataEntry="true" InitialDataEntry="true" DoubleDataEntry="true" ImportDataEntry="false" Batch="false" />
                <Message></Message>
				<DestinationProperty OID ="I_TEVA__GINA_STATUS"/>
            </HideAction>
		</RuleRef>
		<RuleRef OID="F_TEVA_GINA_DR_SHOWHIDE_SC">
            <ShowAction IfExpressionEvaluates="true">
                <Run AdministrativeDataEntry="true" InitialDataEntry="true" DoubleDataEntry="true" ImportDataEntry="false" Batch="false" />
                <Message>Please verify Score:</Message>
				<DestinationProperty OID ="I_TEVA__GINA_SCORE"/>
            </ShowAction>			
			<HideAction IfExpressionEvaluates="false">
                <Run AdministrativeDataEntry="true" InitialDataEntry="true" DoubleDataEntry="true" ImportDataEntry="false" Batch="false" />
                <Message></Message>
				<DestinationProperty OID ="I_TEVA__GINA_SCORE"/>
            </HideAction>
		</RuleRef>
	</RuleAssignment>
	<RuleDef OID="F_TEVAARQDRAFT_INSERTS" Name="F_TEVAARQDRAFT_INSERTS">
		<Description>Insert Test</Description>
		<Expression>I_TEVAA_QS_QSORRES_ARQ001 ne ""</Expression>
	</RuleDef>
	<RuleDef OID="F_TEVA_GINA_DR_SHOWHIDE_ST" Name="F_TEVA_GINA_DR_SHOWHIDE_ST">
		<Description>Insert Test</Description>
		<Expression>I_TEVA__GINA_PEF_PERCENT ne ""</Expression>
	</RuleDef>
	<RuleDef OID="F_TEVA_GINA_DR_SHOWHIDE_SC" Name="F_TEVA_GINA_DR_SHOWHIDE_SC">
		<Description>Insert Test</Description>
		<Expression>I_TEVA__GINA_PEF_PERCENT ne ""</Expression>
	</RuleDef>
</RuleImport>