<?xml version="1.0" encoding="UTF-8"?>
<RuleImport>
    <RuleAssignment>
        <Target>F_SERIOUSADVER.IG_SERIO_SAE2.I_SERIO_SAE2_DTED</Target>
        <RuleRef OID="I_SERIO_SAE2_DTED">
            <DiscrepancyNoteAction IfExpressionEvaluates="true">
                <Run AdministrativeDataEntry="true"
                    InitialDataEntry="true" DoubleDataEntry="true"
                    ImportDataEntry="false" Batch="true"/>
                <Message>End Date cannot occur prior to Start Date.
                    Please update your response or a discrepancy note
                    will be logged.</Message>
            </DiscrepancyNoteAction>
        </RuleRef>
    </RuleAssignment>
    <RuleDef OID="I_SERIO_SAE2_DTED" Name="SAE: SAE 2 Dates">
        <Description>End Date should not occur prior to Start Date</Description>
        <Expression>I_SERIO_SAE2_DTED lt I_SERIO_SAE2_DTST</Expression>
    </RuleDef>
</RuleImport>
