<?xml version="1.0" encoding="UTF-8"?>
<RuleImport>
    <RuleAssignment>
        <Target>F_SERIOUSADVER.IG_SERIO_SAE3.I_SERIO_SAE4_YN</Target>
        <RuleRef OID="I_SERIO_SAE4_YN">
            <ShowAction IfExpressionEvaluates="true">
                <Run AdministrativeDataEntry="true"
                    InitialDataEntry="true" DoubleDataEntry="true"
                    ImportDataEntry="false" Batch="false"/>
                <Message>Please complete the following fields for the
                    additional SAE.</Message>
                <DestinationProperty OID="IG_SERIO_SAE4"/>
            </ShowAction>
            <HideAction IfExpressionEvaluates="false">
                <Run AdministrativeDataEntry="true"
                    InitialDataEntry="true" DoubleDataEntry="true"
                    ImportDataEntry="false" Batch="false"/>
                <Message>These items should only be completed if an
                    additional SAE occurred.</Message>
                <DestinationProperty OID="IG_SERIO_SAE4"/>
            </HideAction>
        </RuleRef>
    </RuleAssignment>
    <RuleDef OID="I_SERIO_SAE4_YN" Name="SAE: Add SAE 4">
        <Description>If 'Yes', add SAE</Description>
        <Expression>I_SERIO_SAE4_YN eq 1</Expression>
    </RuleDef>
</RuleImport>
