<RuleImport>
    <RuleAssignment>
        <Target>F_DEMOGRAPHICS.IG_DEMOG_DEMO.I_DEMOG_DEM_DTIC</Target>
        <RuleRef OID="I_DEMOG_DEM_DTIC_VERIFY">
            <DiscrepancyNoteAction IfExpressionEvaluates="true">
                <Run AdministrativeDataEntry="true"
                    InitialDataEntry="true" DoubleDataEntry="true"
                    ImportDataEntry="false" Batch="true"/>
                <Message>The Date of Informed Consent is different than
                    the Date of Informed Consent recorded in the
                    Inclusion/Exclusion and/or the Verification of
                    Informed Consent form. Please verify your response.</Message>
            </DiscrepancyNoteAction>
        </RuleRef>
    </RuleAssignment>
    <RuleDef OID="I_DEMOG_DEM_DTIC_VERIFY" Name="Demographics: Date of IC vs Inc/Ex and Verification of IC forms">
        <Description>Date of Informed Consent should be the same as the
            Date of Informed Consent recorded in the Inclusion/Exclusion form.</Description>
        <Expression>(I_DEMOG_DEM_DTIC ne
            F_INCLUSIONEXC.IG_INCLU_ELIGIBILITY.I_INCLU_IN_DT_IC) or
            (I_DEMOG_DEM_DTIC ne F_VERIFICATION.IG_VERIF_UNGROUPED.I_VERIF_VERI_DATE)</Expression>
    </RuleDef>
</RuleImport>
