<RuleImport>
    <RuleAssignment>
        <Target>F_INCLUSIONEXC.IG_INCLU_ELIGIBILITY.I_INCLU_IN_DT_IC</Target>
        <RuleRef OID="I_INCLU_IN_DT_IC_VERIFY">
            <DiscrepancyNoteAction IfExpressionEvaluates="true">
                <Run AdministrativeDataEntry="true"
                    InitialDataEntry="true" DoubleDataEntry="true"
                    ImportDataEntry="false" Batch="true"/>
                <Message>Date of Informed Consent does not match Date of
                    Informed Consent provided on Demographics and/or the
                    Verification of Informed Consent form. Please verify
                    your response.</Message>
            </DiscrepancyNoteAction>
        </RuleRef>
    </RuleAssignment>
    <RuleDef OID="I_INCLU_IN_DT_IC_VERIFY" Name="Inc/Exc: Verify DT Inf Cons. with Demographics and Verification of IC form">
        <Description>Date of Informed Consent should match Date of
            Informed Consent on Demographics form.</Description>
        <Expression>(I_INCLU_IN_DT_IC ne F_DEMOGRAPHICS.IG_DEMOG_DEMO.I_DEMOG_DEM_DTIC) or
            (I_INCLU_IN_DT_IC ne F_VERIFICATION.IG_VERIF_UNGROUPED.I_VERIF_VERI_DATE)</Expression>
    </RuleDef>
</RuleImport>
