<RuleImport>
    <RuleAssignment>
        <Target>F_CONCOMITANTM.IG_CONCO_CONMEDS.I_CONCO_CM_YN</Target>
        <RuleRef OID="I_CONCO_CM_YN_SHOWHIDE">
            <ShowAction IfExpressionEvaluates="true">
                <Run AdministrativeDataEntry="true"
                    InitialDataEntry="true" DoubleDataEntry="true"
                    ImportDataEntry="false" Batch="false"/>
                <Message>Please complete the Concomitant Medications log.</Message>
                <DestinationProperty OID="IG_CONCO_CONMEDLOG"/>
            </ShowAction>
            <HideAction IfExpressionEvaluates="false">
                <Run AdministrativeDataEntry="true"
                    InitialDataEntry="true" DoubleDataEntry="true"
                    ImportDataEntry="false" Batch="false"/>
                <Message>The Concomitant Medications log should only be
                    completed if 'Yes' was selected.</Message>
                <DestinationProperty OID="IG_CONCO_CONMEDLOG"/>
            </HideAction>
        </RuleRef>
    </RuleAssignment>
    <RuleDef OID="I_CONCO_CM_YN_SHOWHIDE" Name="ConMeds: Show/Hide Log">
        <Description>If 'Yes' is selected for the first question, show
            the Concomitant medications log in the next section.
            Otherwise, hide it.</Description>
        <Expression>I_CONCO_CM_YN eq 1</Expression>
    </RuleDef>
</RuleImport>
