<RuleImport>
    <RuleAssignment>
        <Target>F_CONCOMITANTM.IG_CONCO_CONMEDLOG.I_CONCO_CM_ONGNG</Target>
        <RuleRef OID="I_CONCO_CM_ONGNG_DATEPROV">
            <DiscrepancyNoteAction IfExpressionEvaluates="true">
                <Run AdministrativeDataEntry="true"
                    InitialDataEntry="true" DoubleDataEntry="true"
                    ImportDataEntry="false" Batch="true"/>
                <Message>'No' was selected for Ongoing. Please provide
                    Stop Date or update your response.</Message>
            </DiscrepancyNoteAction>
        </RuleRef>
    </RuleAssignment>
    <RuleDef OID="I_CONCO_CM_ONGNG_DATEPROV" Name="ConMeds: Date should be entered">
        <Description>Stop Date should be entered if medication is not
            Ongoing i.e. 2 is selected.</Description>
        <Expression>I_CONCO_CM_ONGNG eq 2 and I_CONCO_CM_SPDT eq &quot;&quot;</Expression>
    </RuleDef>
</RuleImport>
