<RuleImport>
    <RuleAssignment>
        <Target>F_CONCOMITANTM.IG_CONCO_CONMEDLOG.I_CONCO_CM_ONGNG</Target>
        <RuleRef OID="I_CONCO_CM_ONGNG_DATEEMPTY">
            <DiscrepancyNoteAction IfExpressionEvaluates="true">
                <Run AdministrativeDataEntry="true"
                    InitialDataEntry="true" DoubleDataEntry="true"
                    ImportDataEntry="false" Batch="true"/>
                <Message>'Yes' was selected for Ongoing but Stop Date
                    was also provided. Please verify your response.</Message>
            </DiscrepancyNoteAction>
        </RuleRef>
    </RuleAssignment>
    <RuleDef OID="I_CONCO_CM_ONGNG_DATEEMPTY" Name="ConMeds: Date should be empty">
        <Description>Stop Date should be blank if medication is Ongoing
            i.e. 1 is selected</Description>
        <Expression>I_CONCO_CM_ONGNG eq 1 and I_CONCO_CM_SPDT ne &quot;&quot;</Expression>
    </RuleDef>
</RuleImport>
