<?xml version="1.0" encoding="UTF-8"?>
<RuleImport>
    <RuleAssignment>
        <Target>F_VITALSIGNS.IG_VITAL_VITALS.I_VITAL_VS_TEMP</Target>
        <RuleRef OID="I_VITAL_VS_TEMP_C">
            <DiscrepancyNoteAction IfExpressionEvaluates="true">
                <Run AdministrativeDataEntry="true"
                    InitialDataEntry="true" DoubleDataEntry="true"
                    ImportDataEntry="false" Batch="true"/>
                <Message>Temperature should be between 36.4 and 37.6 if
                    in degrees Celcius. Please verify your response.</Message>
            </DiscrepancyNoteAction>
        </RuleRef>
    </RuleAssignment>
    <RuleDef OID="I_VITAL_VS_TEMP_C" Name="Vitals: Temp C">
        <Description>Temperature in Degrees Celcius should be between
            35.4 and 36.6 degrees.</Description>
        <Expression>(I_VITAL_VS_TEMP lt 36.4 or I_VITAL_VS_TEMP gt 37.6)
            and I_VITAL_VS_TUNIT eq 1</Expression>
    </RuleDef>
</RuleImport>
