<?xml version="1.0" encoding="UTF-8"?>
<RuleImport>
    <RuleAssignment>
        <Target>F_VITALSIGNS.IG_VITAL_VITALS.I_VITAL_VS_TEMP</Target>
        <RuleRef OID="I_VITAL_VS_TEMP_F">
            <DiscrepancyNoteAction IfExpressionEvaluates="true">
                <Run AdministrativeDataEntry="true"
                    InitialDataEntry="true" DoubleDataEntry="true"
                    ImportDataEntry="false" Batch="true"/>
                <Message>Temperature should be between 97.6 and 99.6 if
                    in degrees Fahrenheit. Please verify your response.</Message>
            </DiscrepancyNoteAction>
        </RuleRef>
    </RuleAssignment>
    <RuleDef OID="I_VITAL_VS_TEMP_F" Name="Vitals: Temp F">
        <Description>Temperature in Degrees Fahrenheit should be between
            97.6 and 99.6 degrees.</Description>
        <Expression>(I_VITAL_VS_TEMP lt 97.6 or I_VITAL_VS_TEMP gt 99.6)
            and I_VITAL_VS_TUNIT eq 2</Expression>
    </RuleDef>
</RuleImport>
