<?xml version="1.0" encoding="UTF-8"?>
<RuleImport>
    <RuleAssignment>
        <Target>F_DEMOGRAPHICS.IG_DEMOG_DEMO.I_DEMOG_DEM_RACE</Target>
        <RuleRef OID="I_DEMOG_DEM_RACE_VERIFY">
            <DiscrepancyNoteAction IfExpressionEvaluates="true">
                <Run AdministrativeDataEntry="true"
                    InitialDataEntry="true" DoubleDataEntry="true"
                    ImportDataEntry="false" Batch="true"/>
                <Message>If 'Prefer not to answer' or 'Unknown' is
                    selected, then no other options should be selected.
                    Please verify your response.</Message>
            </DiscrepancyNoteAction>
        </RuleRef>
    </RuleAssignment>
    <RuleDef OID="I_DEMOG_DEM_RACE_VERIFY" Name="Demographics: Race Unknown">
        <Description>No other selections should be made if 'Unknown' is
            selected for race.</Description>
        <Expression>(I_DEMOG_DEM_RACE ct &quot;9&quot; or
            I_DEMOG_DEM_RACE ct &quot;8&quot;) and (I_DEMOG_DEM_RACE ct
            &quot;1&quot; or I_DEMOG_DEM_RACE ct &quot;2&quot; or
            I_DEMOG_DEM_RACE ct &quot;3&quot; or I_DEMOG_DEM_RACE ct
            &quot;4&quot; or I_DEMOG_DEM_RACE ct &quot;5&quot; or
            I_DEMOG_DEM_RACE ct &quot;6&quot; or I_DEMOG_DEM_RACE ct
            &quot;7&quot; or I_DEMOG_DEM_RACE ct &quot;10&quot;)</Expression>
    </RuleDef>
</RuleImport>
