<RuleImport>
	<RuleAssignment>
		<Target Context="OC_RULES_V1">F_CD64VITALSIG.IG_CD64V_CD64G.I_CD64V_LVSROIDT</Target>
		<RuleRef OID="I_CD64V_LVSROIDT_COMDATE">
			<ShowAction IfExpressionEvaluates="true">
				<Run AdministrativeDataEntry="true" InitialDataEntry="true" DoubleDataEntry="true" ImportDataEntry="false" Batch="false" />
                <Message>Please complete the Vitals signs and SIRS information below.</Message>
				<DestinationProperty OID="IG_CD64V_VITAL"/>
			</ShowAction>			
			<HideAction IfExpressionEvaluates="false">
				<Run AdministrativeDataEntry="true" InitialDataEntry="true" DoubleDataEntry="true" ImportDataEntry="false" Batch="false" />
                <Message>The Vitals signs and SIRS information should only be completed if a date was provide for CD64 measurement.</Message>
				<DestinationProperty OID="IG_CD64V_VITAL"/>
			</HideAction>
				</RuleRef>
	</RuleAssignment>
	<RuleDef OID="I_CD64V_LVSROIDT_COMDATE" Name="I_CD64V_LVSROIDT_COMDATE">
		<Description>I_CD64V_LVSROIDT_COMDATE</Description>
		<Expression>I_CD64V_LVSROIDT ne ""</Expression>
	</RuleDef>
</RuleImport>