<?xml version="1.0" encoding="UTF-8"?>
<RuleImport>
    <RuleAssignment>
        <Target>F_LOCALLABORAT.IG_LOCAL_TESTS.I_LOCAL_HEM_WBC</Target>
        <RuleRef OID="I_LOCAL_HEM_WBC_B">
            <DiscrepancyNoteAction IfExpressionEvaluates="true">
                <Run AdministrativeDataEntry="true"
                    InitialDataEntry="true" DoubleDataEntry="true"
                    ImportDataEntry="false" Batch="true"/>
                <Message>WBC is out of the expected range (3,500-10,500
                    cells/mcL). Please verify your response.</Message>
            </DiscrepancyNoteAction>
        </RuleRef>
    </RuleAssignment>
    <RuleDef OID="I_LOCAL_HEM_WBC_B" Name="Local Lab: Site B, D WBC">
        <Description>Site B, D: WBC should be between 3,500 and 10,500 cells/mcL</Description>

        <Expression>(SE_FIRSTVISIT.F_LOCALLABORAT.IG_LOCAL_TESTS.I_LOCAL_SITE_AB
            eq 102 or
            SE_FIRSTVISIT.F_LOCALLABORAT.IG_LOCAL_TESTS.I_LOCAL_SITE_AB
            eq 104) and (I_LOCAL_HEM_WBC lt 3500 or I_LOCAL_HEM_WBC gt 10500)</Expression>
    </RuleDef>
</RuleImport>
