<?xml version="1.0" encoding="UTF-8"?>
<RuleImport>
    <RuleAssignment>
        <Target>F_VITALSIGNS.IG_VITAL_VITALS.I_VITAL_VS_WGHT</Target>
        <RuleRef OID="I_VITAL_VS_WGHT_LB">
            <DiscrepancyNoteAction IfExpressionEvaluates="true">
                <Run AdministrativeDataEntry="true"
                    InitialDataEntry="true" DoubleDataEntry="true"
                    ImportDataEntry="false" Batch="true"/>
                <Message>Weight is out of the expected range (70 - 600
                    lbs). Please verify your response.</Message>
            </DiscrepancyNoteAction>
        </RuleRef>
    </RuleAssignment>
    <RuleDef OID="I_VITAL_VS_WGHT_LB" Name="Vitals: Weight LBS">
        <Description>Height in cm should be between 121-213 cm.</Description>
        <Expression>(I_VITAL_VS_WGHT lt 70 or I_VITAL_VS_WGHT gt 600)
            and I_VITAL_VS_UNITS eq 1</Expression>
    </RuleDef>
</RuleImport>
