<?xml version="1.0" encoding="UTF-8"?>
<RuleImport>
    <RuleAssignment>
        <Target>F_VITALSIGNS.IG_VITAL_VITALS.I_VITAL_VS_WGHT</Target>
        <RuleRef OID="I_VITAL_VS_WGHT_KG">
            <DiscrepancyNoteAction IfExpressionEvaluates="true">
                <Run AdministrativeDataEntry="true"
                    InitialDataEntry="true" DoubleDataEntry="true"
                    ImportDataEntry="false" Batch="true"/>
                <Message>Weight is out of the expected range (31 - 272
                    kg). Please verify your response.</Message>
            </DiscrepancyNoteAction>
        </RuleRef>
    </RuleAssignment>
    <RuleDef OID="I_VITAL_VS_WGHT_KG" Name="Vitals: Weight KG">
        <Description>Height in inches should be between 48-84 in.</Description>
        <Expression>(I_VITAL_VS_WGHT lt 31 or I_VITAL_VS_WGHT gt 272)
            and I_VITAL_VS_UNITS eq 2</Expression>
    </RuleDef>
</RuleImport>
