<RuleImport>
	<RuleAssignment>
		<Target Context="OC_RULES_V1">F_EATINGHABITS.IG_EATIN_HABITS.I_EATIN_VITSUPP</Target>
		<RuleRef OID="I_EATIN_VITSUPP_YES">
			
			<ShowAction IfExpressionEvaluates="true">
				<Run AdministrativeDataEntry="true" InitialDataEntry="true" DoubleDataEntry="true" ImportDataEntry="false" Batch="false" />
                <Message>Please complete items below.</Message>
				<DestinationProperty OID="IG_EATIN_VITAMINLOG"/>
			</ShowAction>			
			<HideAction IfExpressionEvaluates="false">
				<Run AdministrativeDataEntry="true" InitialDataEntry="true" DoubleDataEntry="true" ImportDataEntry="false" Batch="false" />
                <Message></Message>
				<DestinationProperty OID="IG_EATIN_VITAMINLOG"/>
			</HideAction>		
		</RuleRef>
	</RuleAssignment>
	<RuleDef OID="I_EATIN_VITSUPP_YES" Name="I_EATIN_VITSUPP_YES">
		<Description> if vitamins are taken show grid </Description>
		<Expression>I_EATIN_VITSUPP eq 1</Expression>
	</RuleDef>
</RuleImport>