<?xml version="1.0" encoding="UTF-8"?>
<RuleImport>
    <RuleAssignment>
        <Target>F_ADVERSEEVENT.IG_ADVER_AELOG.I_ADVER_AE_DTRE</Target>
        <RuleRef OID="I_ADVER_AE_DTRE_VERIFYDATES">
            <DiscrepancyNoteAction IfExpressionEvaluates="true">
                <Run AdministrativeDataEntry="true"
                    InitialDataEntry="true" DoubleDataEntry="true"
                    ImportDataEntry="false" Batch="true"/>
                <Message>Date of Resolution should not occur prior to
                    the Date of Onset. Please verify your response.</Message>
            </DiscrepancyNoteAction>
        </RuleRef>
    </RuleAssignment>
    <RuleAssignment>
        <Target>F_ADVERSEEVENT.IG_ADVER_AELOG.I_ADVER_AE_OUT</Target>
        <RuleRef OID="I_ADVER_AE_OUT_ONGOING">
            <DiscrepancyNoteAction IfExpressionEvaluates="true">
                <Run AdministrativeDataEntry="true"
                    InitialDataEntry="true" DoubleDataEntry="true"
                    ImportDataEntry="false" Batch="true"/>
                <Message>If not 'Ongoing', please provide the Date of Resolution.</Message>
            </DiscrepancyNoteAction>
        </RuleRef>
        <RuleRef OID="I_ADVER_AE_OUT_RESDATE">
            <DiscrepancyNoteAction IfExpressionEvaluates="true">
                <Run AdministrativeDataEntry="true"
                    InitialDataEntry="true" DoubleDataEntry="true"
                    ImportDataEntry="false" Batch="true"/>
                <Message>'Ongoing' was selected for Outcome but a Date
                    of Resolution was entered. Please verify your response.</Message>
            </DiscrepancyNoteAction>
        </RuleRef>
    </RuleAssignment>
    <RuleAssignment>
        <Target>F_ADVERSEEVENT.IG_ADVER_AELOG.I_ADVER_AE_OTOUT</Target>
        <RuleRef OID="I_ADVER_AE_OTOUT_COMP">
            <DiscrepancyNoteAction IfExpressionEvaluates="true">
                <Run AdministrativeDataEntry="true"
                    InitialDataEntry="true" DoubleDataEntry="true"
                    ImportDataEntry="false" Batch="true"/>
                <Message>'Other' should only be completed if 'Other' was
                    selected for Outcome. Please verify your response.</Message>
            </DiscrepancyNoteAction>
        </RuleRef>
        <RuleRef OID="I_ADVER_AE_OTOUT_BLANK">
            <DiscrepancyNoteAction IfExpressionEvaluates="true">
                <Run AdministrativeDataEntry="true"
                    InitialDataEntry="true" DoubleDataEntry="true"
                    ImportDataEntry="false" Batch="true"/>
                <Message>'Other' was selected for Outcome. Please
                    specify in the field provided.</Message>
            </DiscrepancyNoteAction>
        </RuleRef>
    </RuleAssignment>
    <RuleAssignment>
        <Target>F_CONCOMITANTM.IG_CONCO_CONMEDS.I_CONCO_CM_YN</Target>
        <RuleRef OID="I_CONCO_CM_YN_SHOWHIDE">
            <ShowAction IfExpressionEvaluates="true">
                <Run AdministrativeDataEntry="true"
                    InitialDataEntry="true" DoubleDataEntry="true"
                    ImportDataEntry="false" Batch="false"/>
                <Message>Please complete the Concomitant Medications log.</Message>
                <DestinationProperty OID="IG_CONCO_CONMEDLOG"/>
            </ShowAction>
            <HideAction IfExpressionEvaluates="false">
                <Run AdministrativeDataEntry="true"
                    InitialDataEntry="true" DoubleDataEntry="true"
                    ImportDataEntry="false" Batch="false"/>
                <Message>The Concomitant Medications log should only be
                    completed if 'Yes' was selected.</Message>
                <DestinationProperty OID="IG_CONCO_CONMEDLOG"/>
            </HideAction>
        </RuleRef>
    </RuleAssignment>
    <RuleAssignment>
        <Target>F_CONCOMITANTM.IG_CONCO_CONMEDLOG.I_CONCO_CM_ONGNG</Target>
        <RuleRef OID="I_CONCO_CM_ONGNG_DATEEMPTY">
            <DiscrepancyNoteAction IfExpressionEvaluates="true">
                <Run AdministrativeDataEntry="true"
                    InitialDataEntry="true" DoubleDataEntry="true"
                    ImportDataEntry="false" Batch="true"/>
                <Message>'Yes' was selected for Ongoing but Stop Date
                    was also provided. Please verify your response.</Message>
            </DiscrepancyNoteAction>
        </RuleRef>
        <RuleRef OID="I_CONCO_CM_ONGNG_DATEPROV">
            <DiscrepancyNoteAction IfExpressionEvaluates="true">
                <Run AdministrativeDataEntry="true"
                    InitialDataEntry="true" DoubleDataEntry="true"
                    ImportDataEntry="false" Batch="true"/>
                <Message>'No' was selected for Ongoing. Please provide
                    Stop Date or update your response.</Message>
            </DiscrepancyNoteAction>
        </RuleRef>
    </RuleAssignment>
    <RuleAssignment>
        <Target>F_DEMOGRAPHICS.IG_DEMOG_DEMO.I_DEMOG_DEM_DTBR</Target>
        <RuleRef OID="I_DEMOG_DEM_DTBR_VERIFY">
            <DiscrepancyNoteAction IfExpressionEvaluates="true">
                <Run AdministrativeDataEntry="true"
                    InitialDataEntry="true" DoubleDataEntry="true"
                    ImportDataEntry="false" Batch="true"/>
                <Message>Date of Birth should not occur after the Date
                    of Consent or after to the year 1970. Please verify
                    your response.</Message>
            </DiscrepancyNoteAction>
        </RuleRef>
    </RuleAssignment>
    <RuleAssignment>
        <Target>F_DEMOGRAPHICS.IG_DEMOG_DEMO.I_DEMOG_DEM_DTIC</Target>
        <RuleRef OID="I_DEMOG_DEM_DTIC_VERIFY">
            <DiscrepancyNoteAction IfExpressionEvaluates="true">
                <Run AdministrativeDataEntry="true"
                    InitialDataEntry="true" DoubleDataEntry="true"
                    ImportDataEntry="false" Batch="true"/>
                <Message>The Date of Informed Consent is different than
                    the Date of Informed Consent recorded in the
                    Inclusion/Exclusion and/or the Verification of
                    Informed Consent form. Please verify your response.</Message>
            </DiscrepancyNoteAction>
        </RuleRef>
    </RuleAssignment>
    <RuleAssignment>
        <Target>F_DEMOGRAPHICS.IG_DEMOG_DEMO.I_DEMOG_DEM_RACE</Target>
        <RuleRef OID="I_DEMOG_DEM_RACE_VERIFY">
            <DiscrepancyNoteAction IfExpressionEvaluates="true">
                <Run AdministrativeDataEntry="true"
                    InitialDataEntry="true" DoubleDataEntry="true"
                    ImportDataEntry="false" Batch="true"/>
                <Message>If 'Prefer not to answer' or 'Unknown' is
                    selected, then no other options should be selected.
                    Please verify your response.</Message>
            </DiscrepancyNoteAction>
        </RuleRef>
    </RuleAssignment>
    <RuleAssignment>
        <Target>F_EATINGHABITS.IG_EATIN_HABITS.I_EATIN_COOKFAT</Target>
        <RuleRef OID="I_EATIN_COOKFAT_SHOWHIDE">
            <ShowAction IfExpressionEvaluates="true">
                <Run AdministrativeDataEntry="true"
                    InitialDataEntry="true" DoubleDataEntry="true"
                    ImportDataEntry="false" Batch="false"/>
                <Message>Please complete the additional question below.</Message>
                <DestinationProperty OID="I_EATIN_OTHERCOOK"/>
            </ShowAction>
            <HideAction IfExpressionEvaluates="false">
                <Run AdministrativeDataEntry="true"
                    InitialDataEntry="true" DoubleDataEntry="true"
                    ImportDataEntry="false" Batch="false"/>
                <Message></Message>
                <DestinationProperty OID="I_EATIN_OTHERCOOK"/>
            </HideAction>
        </RuleRef>
        <RuleRef OID="I_EATIN_COOKFAT_NOSPEC">
            <DiscrepancyNoteAction IfExpressionEvaluates="true">
                <Run AdministrativeDataEntry="true"
                    InitialDataEntry="true" DoubleDataEntry="true"
                    ImportDataEntry="false" Batch="true"/>
                <Message>A specification should not be provided if
                    &quot;Other&quot; is not selected.</Message>
            </DiscrepancyNoteAction>
        </RuleRef>
    </RuleAssignment>
    <RuleAssignment>
        <Target>F_EATINGHABITS.IG_EATIN_HABITS.I_EATIN_OTHERCOOK</Target>
        <RuleRef OID="I_EATIN_OTHERCOOK_OTHSPEC">
            <DiscrepancyNoteAction IfExpressionEvaluates="true">
                <Run AdministrativeDataEntry="true"
                    InitialDataEntry="true" DoubleDataEntry="true"
                    ImportDataEntry="false" Batch="true"/>
                <Message>If &quot;Other&quot;, a specification must be provided.</Message>
            </DiscrepancyNoteAction>
        </RuleRef>
    </RuleAssignment>
    <RuleAssignment>
        <Target>F_EATINGHABITS.IG_EATIN_VITAMINLOG.I_EATIN_AMTVIT</Target>
        <RuleRef OID="I_EATIN_AMTVIT_SPEC">
            <DiscrepancyNoteAction IfExpressionEvaluates="true">
                <Run AdministrativeDataEntry="true"
                    InitialDataEntry="true" DoubleDataEntry="true"
                    ImportDataEntry="false" Batch="true"/>
                <Message>If supplement is provided, a daily amount must
                    be given.</Message>
            </DiscrepancyNoteAction>
        </RuleRef>
    </RuleAssignment>
    <RuleAssignment>
        <Target>F_EATINGHABITS.IG_EATIN_HABITS.I_EATIN_LVALONE</Target>
        <RuleRef OID="I_EATIN_LVALONE_NO">
            <ShowAction IfExpressionEvaluates="true">
                <Run AdministrativeDataEntry="true"
                    InitialDataEntry="true" DoubleDataEntry="true"
                    ImportDataEntry="false" Batch="false"/>
                <Message>If &quot;No&quot; was selected, please complete
                    the following at least.</Message>
                <DestinationProperty OID="I_EATIN_ADULT"/>
                <DestinationProperty OID="I_EATIN_CHILDREN"/>
                <DestinationProperty OID="I_EATIN_DINNER"/>
            </ShowAction>
            <HideAction IfExpressionEvaluates="false">
                <Run AdministrativeDataEntry="true"
                    InitialDataEntry="true" DoubleDataEntry="true"
                    ImportDataEntry="false" Batch="false"/>
                <Message></Message>
                <DestinationProperty OID="I_EATIN_ADULT"/>
                <DestinationProperty OID="I_EATIN_CHILDREN"/>
                <DestinationProperty OID="I_EATIN_DINNER"/>
            </HideAction>
        </RuleRef>
    </RuleAssignment>
    <RuleAssignment>
        <Target>F_EATINGHABITS.IG_EATIN_HABITS.I_EATIN_VITSUPP</Target>
        <RuleRef OID="I_EATIN_VITSUPP_YES">
            <ShowAction IfExpressionEvaluates="true">
                <Run AdministrativeDataEntry="true"
                    InitialDataEntry="true" DoubleDataEntry="true"
                    ImportDataEntry="false" Batch="false"/>
                <Message>Please complete items below.</Message>
                <DestinationProperty OID="IG_EATIN_VITAMINLOG"/>
            </ShowAction>
            <HideAction IfExpressionEvaluates="false">
                <Run AdministrativeDataEntry="true"
                    InitialDataEntry="true" DoubleDataEntry="true"
                    ImportDataEntry="false" Batch="false"/>
                <Message></Message>
                <DestinationProperty OID="IG_EATIN_VITAMINLOG"/>
            </HideAction>
        </RuleRef>
    </RuleAssignment>
    <RuleAssignment>
        <Target>SE_INITIALVISIT.STARTDATE</Target>
        <RuleRef OID="SE_1WEEKFU_STARTDATE">
            <EventAction IfExpressionEvaluates="true" OID="SE_1WEEKFU">
                <RunOnStatus not_scheduled="true" scheduled="true"
                    data_entry_started="false" completed="false"
                    skipped="false" stopped="false"/>
                <EventDestination Property="STARTDATE">
                    <ValueExpression>SE_INITIALVISIT.STARTDATE + 7</ValueExpression>
                </EventDestination>
            </EventAction>
        </RuleRef>
        <RuleRef OID="SE_2WEEKFU_STARTDATE">
            <EventAction IfExpressionEvaluates="true" OID="SE_2WEEKFU">
                <RunOnStatus not_scheduled="true" scheduled="true"
                    data_entry_started="false" completed="false"
                    skipped="false" stopped="false"/>
                <EventDestination Property="STARTDATE">
                    <ValueExpression>SE_INITIALVISIT.STARTDATE + 14</ValueExpression>
                </EventDestination>
            </EventAction>
        </RuleRef>
    </RuleAssignment>
    <RuleAssignment>
        <Target>F_INCLUSIONEXC.IG_INCLU_ELIGIBILITY.I_INCLU_INEX_ELIG</Target>
        <RuleRef OID="I_INCLU_INEX_ELIG_VERIFY">
            <DiscrepancyNoteAction IfExpressionEvaluates="true">
                <Run AdministrativeDataEntry="true"
                    InitialDataEntry="true" DoubleDataEntry="true"
                    ImportDataEntry="false" Batch="true"/>
                <Message>In order for the subject to be eligible, all
                    Inclusion Criteria must be answered 'Yes' and all
                    Exclusion Criteria must be answered 'No'. Please
                    verify your response.</Message>
            </DiscrepancyNoteAction>
        </RuleRef>
    </RuleAssignment>
    <RuleAssignment>
        <Target>SE_2WEEKFU.STATUS</Target>
        <RuleRef OID="SE_MONTHLYFU_STARTDATE_R1">
            <EventAction IfExpressionEvaluates="true" OID="SE_MONTHLYFU[1]">
                <RunOnStatus not_scheduled="true" scheduled="true"
                    data_entry_started="false" completed="false"
                    skipped="false" stopped="false"/>
                <EventDestination Property="STARTDATE">
                    <ValueExpression>SE_2WEEKFU.STARTDATE + 14</ValueExpression>
                </EventDestination>
            </EventAction>
        </RuleRef>
    </RuleAssignment>
    <RuleAssignment>
        <Target>SE_INITIALVISIT.F_VERIFICATION.IG_VERIF_UNGROUPED.I_VERIF_VERI_DATE</Target>
        <RuleRef OID="I_VERIF_VERI_DATE_VERIFY">
            <DiscrepancyNoteAction IfExpressionEvaluates="true">
                <Run AdministrativeDataEntry="true"
                    InitialDataEntry="true" DoubleDataEntry="true"
                    ImportDataEntry="false" Batch="true"/>
                <Message>Date of Informed Consent does not match Date of
                    Informed Consent provided on Demographics and/or the
                    Inclusion/Exclusion Criteria form. Please verify
                    your response.</Message>
            </DiscrepancyNoteAction>
        </RuleRef>
    </RuleAssignment>
    <RuleAssignment>
        <Target>F_INCLUSIONEXC.IG_INCLU_ELIGIBILITY.I_INCLU_IN_DT_IC</Target>
        <RuleRef OID="I_INCLU_IN_DT_IC_VERIFY">
            <DiscrepancyNoteAction IfExpressionEvaluates="true">
                <Run AdministrativeDataEntry="true"
                    InitialDataEntry="true" DoubleDataEntry="true"
                    ImportDataEntry="false" Batch="true"/>
                <Message>Date of Informed Consent does not match Date of
                    Informed Consent provided on Demographics and/or the
                    Verification of Informed Consent form. Please verify
                    your response.</Message>
            </DiscrepancyNoteAction>
        </RuleRef>
    </RuleAssignment>
    <RuleAssignment>
        <Target>F_LOCALLABORAT.IG_LOCAL_TESTS.I_LOCAL_CH_CAL</Target>
        <RuleRef OID="I_LOCAL_CH_CAL_B">
            <DiscrepancyNoteAction IfExpressionEvaluates="true">
                <Run AdministrativeDataEntry="true"
                    InitialDataEntry="true" DoubleDataEntry="true"
                    ImportDataEntry="false" Batch="true"/>
                <Message>Calcium is out of the expected range (2-3
                    mmol/L). Please verify your response.</Message>
            </DiscrepancyNoteAction>
        </RuleRef>
        <RuleRef OID="I_LOCAL_CH_CAL_A">
            <DiscrepancyNoteAction IfExpressionEvaluates="true">
                <Run AdministrativeDataEntry="true"
                    InitialDataEntry="true" DoubleDataEntry="true"
                    ImportDataEntry="false" Batch="true"/>
                <Message>Calcium is out of the expected range (8.5-10.2
                    mg/dL). Please verify your response.</Message>
            </DiscrepancyNoteAction>
        </RuleRef>
    </RuleAssignment>
    <RuleAssignment>
        <Target>F_LOCALLABORAT.IG_LOCAL_TESTS.I_LOCAL_CH_ALB</Target>
        <RuleRef OID="I_LOCAL_CH_ALB_A">
            <DiscrepancyNoteAction IfExpressionEvaluates="true">
                <Run AdministrativeDataEntry="true"
                    InitialDataEntry="true" DoubleDataEntry="true"
                    ImportDataEntry="false" Batch="true"/>
                <Message>Albumin is out of the expected range (3.4-5.4
                    g/dL). Please verify your response.</Message>
            </DiscrepancyNoteAction>
        </RuleRef>
        <RuleRef OID="I_LOCAL_CH_ALB_B">
            <DiscrepancyNoteAction IfExpressionEvaluates="true">
                <Run AdministrativeDataEntry="true"
                    InitialDataEntry="true" DoubleDataEntry="true"
                    ImportDataEntry="false" Batch="true"/>
                <Message>Albumin is out of the expected range (5-8
                    umol/L). Please verify your response.</Message>
            </DiscrepancyNoteAction>
        </RuleRef>
    </RuleAssignment>
    <RuleAssignment>
        <Target>SE_INITIALVISIT.F_LOCALLABORAT.IG_LOCAL_TESTS.I_LOCAL_SITE_AB</Target>
        <RuleRef OID="I_LOCAL_UNITS1">
            <InsertAction IfExpressionEvaluates="true">
                <DestinationProperty OID="I_LOCAL_HEM_UNITS" Value="gm/dL"/>
                <DestinationProperty OID="I_LOCAL_RBC_UNITS" Value="trillion cells/L"/>
                <DestinationProperty OID="I_LOCAL_WBC_UNITS" Value="billion cells/L"/>
                <DestinationProperty OID="I_LOCAL_RHE_UNITS" Value="IU/mL"/>
                <DestinationProperty OID="I_LOCAL_POT_UNITS" Value="mEq/L"/>
                <DestinationProperty OID="I_LOCAL_CAL_UNITS" Value="mg/dL"/>
                <DestinationProperty OID="I_LOCAL_ALB_UNITS" Value="g/dL"/>
                <Run AdministrativeDataEntry="true"
                    InitialDataEntry="true" DoubleDataEntry="true"
                    ImportDataEntry="false" Batch="false"/>
            </InsertAction>
        </RuleRef>
        <RuleRef OID="I_LOCAL_UNITS2">
            <InsertAction IfExpressionEvaluates="true">
                <DestinationProperty OID="I_LOCAL_HEM_UNITS" Value="gm/L"/>
                <DestinationProperty OID="I_LOCAL_RBC_UNITS" Value="million cells/mcL"/>
                <DestinationProperty OID="I_LOCAL_WBC_UNITS" Value="cells/mcL"/>
                <DestinationProperty OID="I_LOCAL_RHE_UNITS" Value="IU/mL"/>
                <DestinationProperty OID="I_LOCAL_POT_UNITS" Value="mmol/L"/>
                <DestinationProperty OID="I_LOCAL_CAL_UNITS" Value="mmol/L"/>
                <DestinationProperty OID="I_LOCAL_ALB_UNITS" Value="umol/L"/>
                <Run AdministrativeDataEntry="true"
                    InitialDataEntry="true" DoubleDataEntry="true"
                    ImportDataEntry="false" Batch="false"/>
            </InsertAction>
        </RuleRef>
    </RuleAssignment>
    <RuleAssignment>
        <Target>F_LOCALLABORAT.IG_LOCAL_TESTS.I_LOCAL_HEM_HEM</Target>
        <RuleRef OID="I_LOCAL_HEM_HEM_A">
            <DiscrepancyNoteAction IfExpressionEvaluates="true">
                <Run AdministrativeDataEntry="true"
                    InitialDataEntry="true" DoubleDataEntry="true"
                    ImportDataEntry="false" Batch="true"/>
                <Message>Hemoglobin is out of the expected range
                    (12-17.5 gm/dL). Please verify your response.</Message>
            </DiscrepancyNoteAction>
        </RuleRef>
        <RuleRef OID="I_LOCAL_HEM_HEM_B">
            <DiscrepancyNoteAction IfExpressionEvaluates="true">
                <Run AdministrativeDataEntry="true"
                    InitialDataEntry="true" DoubleDataEntry="true"
                    ImportDataEntry="false" Batch="true"/>
                <Message>Hemoglobin is out of the expected range
                    (120-175 gm/L). Please verify your response.</Message>
            </DiscrepancyNoteAction>
        </RuleRef>
    </RuleAssignment>
    <RuleAssignment>
        <Target>F_LOCALLABORAT.IG_LOCAL_TESTS.I_LOCAL_HEM_RBC</Target>
        <RuleRef OID="I_LOCAL_HEM_RBC_B">
            <DiscrepancyNoteAction IfExpressionEvaluates="true">
                <Run AdministrativeDataEntry="true"
                    InitialDataEntry="true" DoubleDataEntry="true"
                    ImportDataEntry="false" Batch="true"/>
                <Message>RBC is out of the expected range (4-6 million
                    cells/mcL). Please verify your response.</Message>
            </DiscrepancyNoteAction>
        </RuleRef>
        <RuleRef OID="I_LOCAL_HEM_RBC_A">
            <DiscrepancyNoteAction IfExpressionEvaluates="true">
                <Run AdministrativeDataEntry="true"
                    InitialDataEntry="true" DoubleDataEntry="true"
                    ImportDataEntry="false" Batch="true"/>
                <Message>RBC is out of the expected range (4-6 trillion
                    cells/L). Please verify your response.</Message>
            </DiscrepancyNoteAction>
        </RuleRef>
    </RuleAssignment>
    <RuleAssignment>
        <Target>F_LOCALLABORAT.IG_LOCAL_TESTS.I_LOCAL_CH_POT</Target>
        <RuleRef OID="I_LOCAL_CH_POT_A">
            <DiscrepancyNoteAction IfExpressionEvaluates="true">
                <Run AdministrativeDataEntry="true"
                    InitialDataEntry="true" DoubleDataEntry="true"
                    ImportDataEntry="false" Batch="true"/>
                <Message>Potassium is out of the expected range (3.5-5
                    mEq/L). Please verify your response.</Message>
            </DiscrepancyNoteAction>
        </RuleRef>
        <RuleRef OID="I_LOCAL_CH_POT_B">
            <DiscrepancyNoteAction IfExpressionEvaluates="true">
                <Run AdministrativeDataEntry="true"
                    InitialDataEntry="true" DoubleDataEntry="true"
                    ImportDataEntry="false" Batch="true"/>
                <Message>Potassium is out of the expected range (3-5.5
                    mmol/L). Please verify your response.</Message>
            </DiscrepancyNoteAction>
        </RuleRef>
    </RuleAssignment>
    <RuleAssignment>
        <Target>F_LOCALLABORAT.IG_LOCAL_TESTS.I_LOCAL_HEM_WBC</Target>
        <RuleRef OID="I_LOCAL_HEM_WBC_A">
            <DiscrepancyNoteAction IfExpressionEvaluates="true">
                <Run AdministrativeDataEntry="true"
                    InitialDataEntry="true" DoubleDataEntry="true"
                    ImportDataEntry="false" Batch="true"/>
                <Message>WBC is out of the expected range (3.5-10.5
                    billion cells/L). Please verify your response.</Message>
            </DiscrepancyNoteAction>
        </RuleRef>
        <RuleRef OID="I_LOCAL_HEM_WBC_B">
            <DiscrepancyNoteAction IfExpressionEvaluates="true">
                <Run AdministrativeDataEntry="true"
                    InitialDataEntry="true" DoubleDataEntry="true"
                    ImportDataEntry="false" Batch="true"/>
                <Message>WBC is out of the expected range (3,500-10,500
                    cells/mcL). Please verify your response.</Message>
            </DiscrepancyNoteAction>
        </RuleRef>
    </RuleAssignment>
    <RuleAssignment>
        <Target>F_LOCALLABORAT.IG_LOCAL_TESTS.I_LOCAL_HEM_RHE</Target>
        <RuleRef OID="I_LOCAL_HEM_RHE_ALL">
            <DiscrepancyNoteAction IfExpressionEvaluates="true">
                <Run AdministrativeDataEntry="true"
                    InitialDataEntry="true" DoubleDataEntry="true"
                    ImportDataEntry="false" Batch="true"/>
                <Message>Rheumatoid Factor is out of the expected range
                    (0-60 IU/mL). Please verify your response.</Message>
            </DiscrepancyNoteAction>
        </RuleRef>
    </RuleAssignment>
    <RuleAssignment>
        <Target>F_SERIOUSADVER.IG_SERIO_SAE1.I_SERIO_SAE2_YN</Target>
        <RuleRef OID="I_SERIO_SAE2_YN">
            <ShowAction IfExpressionEvaluates="true">
                <Run AdministrativeDataEntry="true"
                    InitialDataEntry="true" DoubleDataEntry="true"
                    ImportDataEntry="false" Batch="false"/>
                <Message>Please complete the following fields for the
                    additional SAE.</Message>
                <DestinationProperty OID="IG_SERIO_SAE2"/>
            </ShowAction>
            <HideAction IfExpressionEvaluates="false">
                <Run AdministrativeDataEntry="true"
                    InitialDataEntry="true" DoubleDataEntry="true"
                    ImportDataEntry="false" Batch="false"/>
                <Message>These items should only be completed if an
                    additional SAE occurred.</Message>
                <DestinationProperty OID="IG_SERIO_SAE2"/>
            </HideAction>
        </RuleRef>
    </RuleAssignment>
    <RuleAssignment>
        <Target>F_SERIOUSADVER.IG_SERIO_SAE1.I_SERIO_SAE1_DTED</Target>
        <RuleRef OID="I_SERIO_SAE1_DTED">
            <DiscrepancyNoteAction IfExpressionEvaluates="true">
                <Run AdministrativeDataEntry="true"
                    InitialDataEntry="true" DoubleDataEntry="true"
                    ImportDataEntry="false" Batch="true"/>
                <Message>End Date cannot occur prior to Start Date.
                    Please update your response or a discrepancy note
                    will be logged.</Message>
            </DiscrepancyNoteAction>
        </RuleRef>
    </RuleAssignment>
    <RuleAssignment>
        <Target>F_SERIOUSADVER.IG_SERIO_SAE2.I_SERIO_SAE3_YN</Target>
        <RuleRef OID="I_SERIO_SAE3_YN">
            <ShowAction IfExpressionEvaluates="true">
                <Run AdministrativeDataEntry="true"
                    InitialDataEntry="true" DoubleDataEntry="true"
                    ImportDataEntry="false" Batch="false"/>
                <Message>Please complete the following fields for the
                    additional SAE.</Message>
                <DestinationProperty OID="IG_SERIO_SAE3"/>
            </ShowAction>
            <HideAction IfExpressionEvaluates="false">
                <Run AdministrativeDataEntry="true"
                    InitialDataEntry="true" DoubleDataEntry="true"
                    ImportDataEntry="false" Batch="false"/>
                <Message>These items should only be completed if an
                    additional SAE occurred.</Message>
                <DestinationProperty OID="IG_SERIO_SAE3"/>
            </HideAction>
        </RuleRef>
    </RuleAssignment>
    <RuleAssignment>
        <Target>F_SERIOUSADVER.IG_SERIO_SAE2.I_SERIO_SAE2_DTED</Target>
        <RuleRef OID="I_SERIO_SAE2_DTED">
            <DiscrepancyNoteAction IfExpressionEvaluates="true">
                <Run AdministrativeDataEntry="true"
                    InitialDataEntry="true" DoubleDataEntry="true"
                    ImportDataEntry="false" Batch="true"/>
                <Message>End Date cannot occur prior to Start Date.
                    Please update your response or a discrepancy note
                    will be logged.</Message>
            </DiscrepancyNoteAction>
        </RuleRef>
    </RuleAssignment>
    <RuleAssignment>
        <Target>F_SERIOUSADVER.IG_SERIO_SAE4.I_SERIO_SAE4_DTED</Target>
        <RuleRef OID="I_SERIO_SAE4_DTED">
            <DiscrepancyNoteAction IfExpressionEvaluates="true">
                <Run AdministrativeDataEntry="true"
                    InitialDataEntry="true" DoubleDataEntry="true"
                    ImportDataEntry="false" Batch="true"/>
                <Message>End Date cannot occur prior to Start Date.
                    Please update your response or a discrepancy note
                    will be logged.</Message>
            </DiscrepancyNoteAction>
        </RuleRef>
    </RuleAssignment>
    <RuleAssignment>
        <Target>F_SERIOUSADVER.IG_SERIO_SAE4.I_SERIO_SAE5_YN</Target>
        <RuleRef OID="I_SERIO_SAE5_YN">
            <ShowAction IfExpressionEvaluates="true">
                <Run AdministrativeDataEntry="true"
                    InitialDataEntry="true" DoubleDataEntry="true"
                    ImportDataEntry="false" Batch="false"/>
                <Message>Please complete the following fields for the
                    additional SAE.</Message>
                <DestinationProperty OID="IG_SERIO_SAE5"/>
            </ShowAction>
            <HideAction IfExpressionEvaluates="false">
                <Run AdministrativeDataEntry="true"
                    InitialDataEntry="true" DoubleDataEntry="true"
                    ImportDataEntry="false" Batch="false"/>
                <Message>These items should only be completed if an
                    additional SAE occurred.</Message>
                <DestinationProperty OID="IG_SERIO_SAE5"/>
            </HideAction>
        </RuleRef>
    </RuleAssignment>
    <RuleAssignment>
        <Target>F_SERIOUSADVER.IG_SERIO_SAE3.I_SERIO_SAE3_DTED</Target>
        <RuleRef OID="I_SERIO_SAE3_DTED">
            <DiscrepancyNoteAction IfExpressionEvaluates="true">
                <Run AdministrativeDataEntry="true"
                    InitialDataEntry="true" DoubleDataEntry="true"
                    ImportDataEntry="false" Batch="true"/>
                <Message>End Date cannot occur prior to Start Date.
                    Please update your response or a discrepancy note
                    will be logged.</Message>
            </DiscrepancyNoteAction>
        </RuleRef>
    </RuleAssignment>
    <RuleAssignment>
        <Target>F_SERIOUSADVER.IG_SERIO_SAE3.I_SERIO_SAE4_YN</Target>
        <RuleRef OID="I_SERIO_SAE4_YN">
            <ShowAction IfExpressionEvaluates="true">
                <Run AdministrativeDataEntry="true"
                    InitialDataEntry="true" DoubleDataEntry="true"
                    ImportDataEntry="false" Batch="false"/>
                <Message>Please complete the following fields for the
                    additional SAE.</Message>
                <DestinationProperty OID="IG_SERIO_SAE4"/>
            </ShowAction>
            <HideAction IfExpressionEvaluates="false">
                <Run AdministrativeDataEntry="true"
                    InitialDataEntry="true" DoubleDataEntry="true"
                    ImportDataEntry="false" Batch="false"/>
                <Message>These items should only be completed if an
                    additional SAE occurred.</Message>
                <DestinationProperty OID="IG_SERIO_SAE4"/>
            </HideAction>
        </RuleRef>
    </RuleAssignment>
    <RuleAssignment>
        <Target>F_VITALSIGNS.IG_VITAL_VITALS.I_VITAL_VS_BPHR</Target>
        <RuleRef OID="I_VITAL_VS_BPHR_SHOWHIDEINSERT">
            <ShowAction IfExpressionEvaluates="true">
                <Run AdministrativeDataEntry="true"
                    InitialDataEntry="true" DoubleDataEntry="true"
                    ImportDataEntry="false" Batch="false"/>
                <Message>Please fill in Systolic BP, Diastolic BP, and
                    Heart Rate for both positions in the log below.</Message>
                <DestinationProperty OID="IG_VITAL_BPLOG"/>
            </ShowAction>
            <HideAction IfExpressionEvaluates="false">
                <Run AdministrativeDataEntry="true"
                    InitialDataEntry="true" DoubleDataEntry="true"
                    ImportDataEntry="false" Batch="false"/>
                <Message>The log should only be completed if 'Yes' was
                    selected for the previous question.</Message>
                <DestinationProperty OID="IG_VITAL_BPLOG"/>
            </HideAction>
            <InsertAction IfExpressionEvaluates="true">
                <DestinationProperty
                    OID="IG_VITAL_BPLOG[1].I_VITAL_VS_TYPE" Value="Supine"/>
                <DestinationProperty
                    OID="IG_VITAL_BPLOG[2].I_VITAL_VS_TYPE" Value="Standing"/>
                <Run AdministrativeDataEntry="true"
                    InitialDataEntry="true" DoubleDataEntry="true"
                    ImportDataEntry="false" Batch="false"/>
            </InsertAction>
        </RuleRef>
    </RuleAssignment>
    <RuleAssignment>
        <Target>F_VITALSIGNS.IG_VITAL_VITALS.I_VITAL_VS_TEMP</Target>
        <RuleRef OID="I_VITAL_VS_TEMP_C">
            <DiscrepancyNoteAction IfExpressionEvaluates="true">
                <Run AdministrativeDataEntry="true"
                    InitialDataEntry="true" DoubleDataEntry="true"
                    ImportDataEntry="false" Batch="true"/>
                <Message>Temperature should be between 36.4 and 37.6 if
                    in degrees Celcius. Please verify your response.</Message>
            </DiscrepancyNoteAction>
        </RuleRef>
        <RuleRef OID="I_VITAL_VS_TEMP_F">
            <DiscrepancyNoteAction IfExpressionEvaluates="true">
                <Run AdministrativeDataEntry="true"
                    InitialDataEntry="true" DoubleDataEntry="true"
                    ImportDataEntry="false" Batch="true"/>
                <Message>Temperature should be between 97.6 and 99.6 if
                    in degrees Fahrenheit. Please verify your response.</Message>
            </DiscrepancyNoteAction>
        </RuleRef>
    </RuleAssignment>
    <RuleAssignment>
        <Target>F_SERIOUSADVER.IG_SERIO_SAE5.I_SERIO_SAE5_DTED</Target>
        <RuleRef OID="I_SERIO_SAE5_DTED">
            <DiscrepancyNoteAction IfExpressionEvaluates="true">
                <Run AdministrativeDataEntry="true"
                    InitialDataEntry="true" DoubleDataEntry="true"
                    ImportDataEntry="false" Batch="true"/>
                <Message>End Date cannot occur prior to Start Date.
                    Please update your response or a discrepancy note
                    will be logged.</Message>
            </DiscrepancyNoteAction>
        </RuleRef>
    </RuleAssignment>
    <RuleAssignment>
        <Target>F_VITALSIGNS.IG_VITAL_VITALS.I_VITAL_VS_HGHT</Target>
        <RuleRef OID="I_VITAL_VS_HGHT_IN">
            <DiscrepancyNoteAction IfExpressionEvaluates="true">
                <Run AdministrativeDataEntry="true"
                    InitialDataEntry="true" DoubleDataEntry="true"
                    ImportDataEntry="false" Batch="true"/>
                <Message>Height is out of the expected range (48 - 84
                    inches). Please verify your response.</Message>
            </DiscrepancyNoteAction>
        </RuleRef>
        <RuleRef OID="I_VITAL_VS_HGHT_CM">
            <DiscrepancyNoteAction IfExpressionEvaluates="true">
                <Run AdministrativeDataEntry="true"
                    InitialDataEntry="true" DoubleDataEntry="true"
                    ImportDataEntry="false" Batch="true"/>
                <Message>Height is out of the expected range (121 - 213
                    cm). Please verify your response.</Message>
            </DiscrepancyNoteAction>
        </RuleRef>
    </RuleAssignment>
    <RuleAssignment>
        <Target>F_KITCHENSINK.IG_KITCH_DISCREPANCYNOTE.I_KITCH_DN2DATE</Target>
        <RuleRef OID="I_OPENC_DN1EXAM">
            <DiscrepancyNoteAction IfExpressionEvaluates="true">
                <Run AdministrativeDataEntry="true"
                    InitialDataEntry="true" DoubleDataEntry="true"
                    ImportDataEntry="false" Batch="false"/>
                <Message>[Your message here] Example: If
                    &quot;Completed&quot; or &quot;In Progress&quot; was
                    selected, please provide the Date.</Message>
            </DiscrepancyNoteAction>
        </RuleRef>
    </RuleAssignment>
    <RuleAssignment>
        <Target>F_KITCHENSINK.IG_KITCH_EMAILACTION.I_KITCH_EML1SMT</Target>
        <RuleRef OID="I_OPENC_EML1SMT">
            <EmailAction IfExpressionEvaluates="true">
                <Run AdministrativeDataEntry="true"
                    InitialDataEntry="true" DoubleDataEntry="true"
                    ImportDataEntry="false" Batch="false"/>
                <Message>[Your message here] Example: Upon clicking
                    save, an email will be sent to user@example.com</Message>
                <To>user@example.com</To>
            </EmailAction>
        </RuleRef>
    </RuleAssignment>
    <RuleAssignment>
        <Target>F_VITALSIGNS.IG_VITAL_VITALS.I_VITAL_VS_WGHT</Target>
        <RuleRef OID="I_VITAL_VS_WGHT_KG">
            <DiscrepancyNoteAction IfExpressionEvaluates="true">
                <Run AdministrativeDataEntry="true"
                    InitialDataEntry="true" DoubleDataEntry="true"
                    ImportDataEntry="false" Batch="true"/>
                <Message>Weight is out of the expected range (31 - 272
                    kg). Please verify your response.</Message>
            </DiscrepancyNoteAction>
        </RuleRef>
        <RuleRef OID="I_VITAL_VS_WGHT_LB">
            <DiscrepancyNoteAction IfExpressionEvaluates="true">
                <Run AdministrativeDataEntry="true"
                    InitialDataEntry="true" DoubleDataEntry="true"
                    ImportDataEntry="false" Batch="true"/>
                <Message>Weight is out of the expected range (70 - 600
                    lbs). Please verify your response.</Message>
            </DiscrepancyNoteAction>
        </RuleRef>
    </RuleAssignment>
    <RuleAssignment>
        <Target>F_PHYSICALEXAM.IG_PHYSI_OTHERBODYSYSTEMSITE.I_PHYSI_OTHERBODYSYSTEM_COMMENTS</Target>
        <RuleRef OID="I_PHYSI_OTHERBODYSYSTEM_COMMENTS_RAB">
            <DiscrepancyNoteAction IfExpressionEvaluates="true">
                <Run AdministrativeDataEntry="true"
                    InitialDataEntry="true" DoubleDataEntry="true"
                    ImportDataEntry="false" Batch="true"/>
                <Message>If Abnormal is selected comments are required.</Message>
            </DiscrepancyNoteAction>
        </RuleRef>
    </RuleAssignment>
    <RuleAssignment>
        <Target>SE_1WEEKFU.STATUS</Target>
        <RunOnSchedule Time="17:00"/>
        <RuleRef OID="NOTIFYSUBJECT">
            <NotificationAction IfExpressionEvaluates="true">
                <To>${participant}</To>
                <Subject>Please complete your Eating Habits
                    Questionnaire, Physical Activity Log and PROMIS
                    Fatigue Form.</Subject>
                <Message>Dear ${participant.firstname}, Please complete
                    your Eating Habits Questionnaire, Physical Activity
                    Log and PROMIS Fatigue Form. You can access your
                    forms via the following link: ${participant.loginurl}.</Message>
            </NotificationAction>
        </RuleRef>
    </RuleAssignment>
    <RuleDef OID="I_INCLU_INEX_ELIG_VERIFY" Name="Inc/Exc: Verify Eligibility">
        <Description>Subject is not eligible if any Inclusion criteria
            are 'No' or any Exclusion criteria are 'Yes'.</Description>
        <Expression>I_INCLU_INEX_ELIG eq 1 and (I_INCLU_IN_18YO eq 2 or
            I_INCLU_IN_T2MEL eq 2 or I_INCLU_IN_FPLGL eq 2 or
            I_INCLU_IN_HEAC1 eq 2 or I_INCLU_IN_FLENG eq 2 or
            I_INCLU_IN_CMSSR eq 2 or I_INCLU_IN_IC eq 2) or
            (I_INCLU_EX_OGTT eq 1 or I_INCLU_EX_RECNT eq 1 or
            I_INCLU_EX_HEP eq 1 or I_INCLU_EX_EVINF eq 1 or
            I_INCLU_EX_STRKE eq 1 or I_INCLU_EX_PREG eq 1 or
            I_INCLU_EX_MENTL eq 1)</Expression>
    </RuleDef>
    <RuleDef OID="I_SERIO_SAE1_DTED" Name="SAE: SAE 1 Dates">
        <Description>End Date should not occur prior to Start Date</Description>
        <Expression>I_SERIO_SAE1_DTED lt I_SERIO_SAE1_DTST</Expression>
    </RuleDef>
    <RuleDef OID="I_LOCAL_CH_ALB_B" Name="Local Lab: Site B, D Albumin">
        <Description>Site B, D: Albumin should be between 5 and 8 umol/L</Description>

        <Expression>(SE_FIRSTVISIT.F_LOCALLABORAT.IG_LOCAL_TESTS.I_LOCAL_SITE_AB
            eq 102 or
            SE_FIRSTVISIT.F_LOCALLABORAT.IG_LOCAL_TESTS.I_LOCAL_SITE_AB
            eq 104) and (I_LOCAL_CH_ALB lt 5 or I_LOCAL_CH_ALB gt 8)</Expression>
    </RuleDef>
    <RuleDef OID="I_EATIN_VITSUPP_YES" Name="I_EATIN_VITSUPP_YES">
        <Description>if vitamins are taken show grid</Description>
        <Expression>I_EATIN_VITSUPP eq 1</Expression>
    </RuleDef>
    <RuleDef OID="I_EATIN_OTHERCOOK_OTHSPEC" Name="I_EATIN_OTHERCOOK_OTHSPEC">
        <Description>If Other is selected must specify</Description>
        <Expression>I_EATIN_COOKFAT eq 8 and I_EATIN_OTHERCOOK eq &quot;&quot;</Expression>
    </RuleDef>
    <RuleDef OID="I_LOCAL_HEM_RBC_B" Name="Local Lab: Site B, D RBC">
        <Description>Site B, D: RBC should be between 4 and 6 million cells/mcL</Description>

        <Expression>(SE_FIRSTVISIT.F_LOCALLABORAT.IG_LOCAL_TESTS.I_LOCAL_SITE_AB
            eq 102 or
            SE_FIRSTVISIT.F_LOCALLABORAT.IG_LOCAL_TESTS.I_LOCAL_SITE_AB
            eq 104) and (I_LOCAL_HEM_RBC lt 4 or I_LOCAL_HEM_RBC gt 6)</Expression>
    </RuleDef>
    <RuleDef OID="I_LOCAL_HEM_RBC_A" Name="Local Lab: Site A, C, E RBC">
        <Description>Site A, C, E: RBC should be between 4 and 6
            trillion cells/L</Description>

        <Expression>(SE_FIRSTVISIT.F_LOCALLABORAT.IG_LOCAL_TESTS.I_LOCAL_SITE_AB
            eq 101 or
            SE_FIRSTVISIT.F_LOCALLABORAT.IG_LOCAL_TESTS.I_LOCAL_SITE_AB
            eq 103 or
            SE_FIRSTVISIT.F_LOCALLABORAT.IG_LOCAL_TESTS.I_LOCAL_SITE_AB
            eq 105) and (I_LOCAL_HEM_RBC lt 4 or I_LOCAL_HEM_RBC gt 6)</Expression>
    </RuleDef>
    <RuleDef OID="I_ADVER_AE_OTOUT_BLANK" Name="AE Log: Other should be completed">
        <Description>If Other is selected for Outcome, the 'If Other,
            specify' field should be completed.</Description>
        <Expression>I_ADVER_AE_OTOUT eq &quot;&quot; and I_ADVER_AE_OUT
            eq 5</Expression>
    </RuleDef>
    <RuleDef OID="I_SERIO_SAE3_DTED" Name="SAE: SAE 3 Dates">
        <Description>End Date should not occur prior to Start Date</Description>
        <Expression>I_SERIO_SAE3_DTED lt I_SERIO_SAE3_DTST</Expression>
    </RuleDef>
    <RuleDef OID="I_OPENC_DN1EXAM" Name="I_OPENC_DN1EXAM">
        <Description>I_OPENC_DN1EXAM</Description>
        <Expression>I_KITCH_DN1EXAM eq 1 or I_KITCH_DN1EXAM eq 2</Expression>
    </RuleDef>
    <RuleDef OID="I_VITAL_VS_TEMP_F" Name="Vitals: Temp F">
        <Description>Temperature in Degrees Fahrenheit should be between
            97.6 and 99.6 degrees.</Description>
        <Expression>(I_VITAL_VS_TEMP lt 97.6 or I_VITAL_VS_TEMP gt 99.6)
            and I_VITAL_VS_TUNIT eq 2</Expression>
    </RuleDef>
    <RuleDef OID="I_LOCAL_HEM_HEM_B" Name="Local Lab: Site B, D Hemoglobin">
        <Description>Site B, D: Hemoglobin should be between 120 and 175 gm/L</Description>

        <Expression>(SE_FIRSTVISIT.F_LOCALLABORAT.IG_LOCAL_TESTS.I_LOCAL_SITE_AB
            eq 102 or
            SE_FIRSTVISIT.F_LOCALLABORAT.IG_LOCAL_TESTS.I_LOCAL_SITE_AB
            eq 104) and (I_LOCAL_HEM_HEM lt 120 or I_LOCAL_HEM_HEM gt 175)</Expression>
    </RuleDef>
    <RuleDef OID="I_SERIO_SAE5_DTED" Name="SAE: SAE 5 Dates">
        <Description>End Date should not occur prior to Start Date</Description>
        <Expression>I_SERIO_SAE5_DTED lt I_SERIO_SAE5_DTST</Expression>
    </RuleDef>
    <RuleDef OID="I_DEMOG_DEM_DTBR_VERIFY" Name="Demographics: DOB Verification">
        <Description>Date of Birth cannot occur after the Date of
            Consent and must be prior to 1970</Description>
        <Expression>(I_DEMOG_DEM_DTBR gte I_DEMOG_DEM_DTIC) or
            (I_DEMOG_DEM_DTBR gt 1970-12-31)</Expression>
    </RuleDef>
    <RuleDef OID="NOTIFYSUBJECT" Name="NOTIFYSUBJECT">
        <Description>Email for Eating Habits Questionnaire, Physical
            Activity Log and PROMIS Fatigue Form reminder.</Description>
        <Expression>SE_1WEEKFU.STATUS eq &quot;data_entry_started&quot;
            and SE_1WEEKFU.STATUS eq &quot;scheduled&quot;</Expression>
    </RuleDef>
    <RuleDef OID="I_SERIO_SAE2_YN" Name="SAE: Add SAE 2">
        <Description>If 'Yes', add SAE</Description>
        <Expression>I_SERIO_SAE2_YN eq 1</Expression>
    </RuleDef>
    <RuleDef OID="SE_MONTHLYFU_STARTDATE_R1" Name="JUNO: Schedule First Monthly F/U">
        <Description>If 2 week follow up is &quot;completed&quot; or
            &quot;data entry started&quot;, set first monthly follow up
            to 2 week follow up + 14 days.</Description>
        <Expression>SE_2WEEKFU.STATUS eq &quot;data_entry_started&quot;
            or &quot;completed&quot;</Expression>
    </RuleDef>
    <RuleDef OID="SE_2WEEKFU_STARTDATE" Name="JUNO: Schedule 2 Week F/U">
        <Description>If first visit startdate is present, set 2 week
            follow up startdate to first visit + 14 days.</Description>
        <Expression>SE_INITIALVISIT.STARTDATE ne &quot;&quot;</Expression>
    </RuleDef>
    <RuleDef OID="I_LOCAL_CH_ALB_A" Name="Local Lab: Site A, C, E Albumin">
        <Description>Site A, C, E: Albumin should be between 3.4 and 5.4 g/dL</Description>

        <Expression>(SE_FIRSTVISIT.F_LOCALLABORAT.IG_LOCAL_TESTS.I_LOCAL_SITE_AB
            eq 101 or
            SE_FIRSTVISIT.F_LOCALLABORAT.IG_LOCAL_TESTS.I_LOCAL_SITE_AB
            eq 103 or
            SE_FIRSTVISIT.F_LOCALLABORAT.IG_LOCAL_TESTS.I_LOCAL_SITE_AB
            eq 105) and (I_LOCAL_CH_ALB lt 3.4 or I_LOCAL_CH_ALB gt 5.4)</Expression>
    </RuleDef>
    <RuleDef OID="I_LOCAL_CH_POT_B" Name="Local Lab: Site B, D Potassium">
        <Description>Site B, D: Potassium should be between 3 and 5.5 mmol/L</Description>

        <Expression>(SE_FIRSTVISIT.F_LOCALLABORAT.IG_LOCAL_TESTS.I_LOCAL_SITE_AB
            eq 102 or
            SE_FIRSTVISIT.F_LOCALLABORAT.IG_LOCAL_TESTS.I_LOCAL_SITE_AB
            eq 104) and (I_LOCAL_CH_POT lt 3 or I_LOCAL_CH_POT gt 5.5)</Expression>
    </RuleDef>
    <RuleDef OID="I_EATIN_COOKFAT_NOSPEC" Name="I_EATIN_COOKFAT_NOSPEC">
        <Description>If Other is not selected do not specify</Description>
        <Expression>I_EATIN_COOKFAT ne 8 and I_EATIN_OTHERCOOK ne &quot;&quot;</Expression>
    </RuleDef>
    <RuleDef OID="I_LOCAL_HEM_RHE_ALL" Name="Local Lab: All Site Rhe factor">
        <Description>All Sites: Rhe factor should be between 0 and 60 IU/mL</Description>
        <Expression>I_LOCAL_HEM_RHE lt 0 or I_LOCAL_HEM_RHE gt 60</Expression>
    </RuleDef>
    <RuleDef OID="I_DEMOG_DEM_DTIC_VERIFY" Name="Demographics: Date of IC vs Inc/Ex and Verification of IC forms">
        <Description>Date of Informed Consent should be the same as the
            Date of Informed Consent recorded in the Inclusion/Exclusion form.</Description>
        <Expression>(I_DEMOG_DEM_DTIC ne
            F_INCLUSIONEXC.IG_INCLU_ELIGIBILITY.I_INCLU_IN_DT_IC) or
            (I_DEMOG_DEM_DTIC ne F_VERIFICATION.IG_VERIF_UNGROUPED.I_VERIF_VERI_DATE)</Expression>
    </RuleDef>
    <RuleDef OID="I_LOCAL_CH_POT_A" Name="Local Lab: Site A, C, E Potassium">
        <Description>Site A, C, E: Potassium should be between 3.5 and 5 mEq/L</Description>

        <Expression>(SE_FIRSTVISIT.F_LOCALLABORAT.IG_LOCAL_TESTS.I_LOCAL_SITE_AB
            eq 101 or
            SE_FIRSTVISIT.F_LOCALLABORAT.IG_LOCAL_TESTS.I_LOCAL_SITE_AB
            eq 103 or
            SE_FIRSTVISIT.F_LOCALLABORAT.IG_LOCAL_TESTS.I_LOCAL_SITE_AB
            eq 105) and (I_LOCAL_CH_POT lt 3.5 or I_LOCAL_CH_POT gt 5)</Expression>
    </RuleDef>
    <RuleDef OID="I_CONCO_CM_YN_SHOWHIDE" Name="ConMeds: Show/Hide Log">
        <Description>If 'Yes' is selected for the first question, show
            the Concomitant medications log in the next section.
            Otherwise, hide it.</Description>
        <Expression>I_CONCO_CM_YN eq 1</Expression>
    </RuleDef>
    <RuleDef OID="I_PHYSI_OTHERBODYSYSTEM_COMMENTS_RAB" Name="I_PHYSI_OTHERBODYSYSTEM_COMMENTS_RAB">
        <Description>I_PHYSI_OTHERBODYSYSTEM_COMMENTS_RAB</Description>
        <Expression>I_PHYSI_OTHERBODYSYSTEM_STATUS eq 2 and
            I_PHYSI_OTHERBODYSYSTEM_COMMENTS eq &quot;&quot;</Expression>
    </RuleDef>
    <RuleDef OID="I_SERIO_SAE4_YN" Name="SAE: Add SAE 4">
        <Description>If 'Yes', add SAE</Description>
        <Expression>I_SERIO_SAE4_YN eq 1</Expression>
    </RuleDef>
    <RuleDef OID="I_VITAL_VS_HGHT_IN" Name="Vitals: Height IN">
        <Description>Height in inches should be between 48-84 in.</Description>
        <Expression>(I_VITAL_VS_HGHT lt 48 or I_VITAL_VS_HGHT gt 84) and
            I_VITAL_VS_UNITS eq 1</Expression>
    </RuleDef>
    <RuleDef OID="I_VITAL_VS_TEMP_C" Name="Vitals: Temp C">
        <Description>Temperature in Degrees Celcius should be between
            35.4 and 36.6 degrees.</Description>
        <Expression>(I_VITAL_VS_TEMP lt 36.4 or I_VITAL_VS_TEMP gt 37.6)
            and I_VITAL_VS_TUNIT eq 1</Expression>
    </RuleDef>
    <RuleDef OID="I_LOCAL_HEM_HEM_A" Name="Local Lab: Site A, C, E Hemoglobin">
        <Description>Site A, C, E: Hemoglobin should be between 12 and
            17.5 gm/dL</Description>

        <Expression>(SE_FIRSTVISIT.F_LOCALLABORAT.IG_LOCAL_TESTS.I_LOCAL_SITE_AB
            eq 101 or
            SE_FIRSTVISIT.F_LOCALLABORAT.IG_LOCAL_TESTS.I_LOCAL_SITE_AB
            eq 103 or
            SE_FIRSTVISIT.F_LOCALLABORAT.IG_LOCAL_TESTS.I_LOCAL_SITE_AB
            eq 105) and (I_LOCAL_HEM_HEM lt 12 or I_LOCAL_HEM_HEM gt 17.5)</Expression>
    </RuleDef>
    <RuleDef OID="I_VITAL_VS_HGHT_CM" Name="Vitals: Height CM">
        <Description>Height in cm should be between 121-213 cm.</Description>
        <Expression>(I_VITAL_VS_HGHT lt 121 or I_VITAL_VS_HGHT gt 213)
            and I_VITAL_VS_UNITS eq 2</Expression>
    </RuleDef>
    <RuleDef OID="I_EATIN_AMTVIT_SPEC" Name="I_EATIN_AMTVIT_SPEC">
        <Description>Specify</Description>
        <Expression>I_EATIN_NAMEVIT ne &quot;&quot; and I_EATIN_AMTVIT
            eq &quot;&quot;</Expression>
    </RuleDef>
    <RuleDef OID="I_ADVER_AE_OUT_ONGOING" Name="AE Log: Date Resolution Required">
        <Description>Date of Resolution should be provided if any option
            except 'Ongoing' was selected for Outcome.</Description>
        <Expression>(I_ADVER_AE_OUT eq 1 or I_ADVER_AE_OUT eq 2 or
            I_ADVER_AE_OUT eq 4 or I_ADVER_AE_OUT eq 5) and
            I_ADVER_AE_DTRE eq &quot;&quot;</Expression>
    </RuleDef>
    <RuleDef OID="I_SERIO_SAE2_DTED" Name="SAE: SAE 2 Dates">
        <Description>End Date should not occur prior to Start Date</Description>
        <Expression>I_SERIO_SAE2_DTED lt I_SERIO_SAE2_DTST</Expression>
    </RuleDef>
    <RuleDef OID="I_DEMOG_DEM_RACE_VERIFY" Name="Demographics: Race Unknown">
        <Description>No other selections should be made if 'Unknown' is
            selected for race.</Description>
        <Expression>(I_DEMOG_DEM_RACE ct &quot;9&quot; or
            I_DEMOG_DEM_RACE ct &quot;8&quot;) and (I_DEMOG_DEM_RACE ct
            &quot;1&quot; or I_DEMOG_DEM_RACE ct &quot;2&quot; or
            I_DEMOG_DEM_RACE ct &quot;3&quot; or I_DEMOG_DEM_RACE ct
            &quot;4&quot; or I_DEMOG_DEM_RACE ct &quot;5&quot; or
            I_DEMOG_DEM_RACE ct &quot;6&quot; or I_DEMOG_DEM_RACE ct
            &quot;7&quot; or I_DEMOG_DEM_RACE ct &quot;10&quot;)</Expression>
    </RuleDef>
    <RuleDef OID="I_LOCAL_HEM_WBC_A" Name="Local Lab: Site A, C, E WBC">
        <Description>Site A, C, E: WBC should be between 3.5 and 10.5
            billion cells/L</Description>

        <Expression>(SE_FIRSTVISIT.F_LOCALLABORAT.IG_LOCAL_TESTS.I_LOCAL_SITE_AB
            eq 101 or
            SE_FIRSTVISIT.F_LOCALLABORAT.IG_LOCAL_TESTS.I_LOCAL_SITE_AB
            eq 103 or
            SE_FIRSTVISIT.F_LOCALLABORAT.IG_LOCAL_TESTS.I_LOCAL_SITE_AB
            eq 105) and (I_LOCAL_HEM_WBC lt 3.5 or I_LOCAL_HEM_WBC gt 10.5)</Expression>
    </RuleDef>
    <RuleDef OID="I_VERIF_VERI_DATE_VERIFY" Name="Verification IC: Verify DT Inf Cons. with Demographics and Inc/Ex form">
        <Description>Date of Informed Consent should match Date of
            Informed Consent on Demographics form.</Description>
        <Expression>(I_VERIF_VERI_DATE ne
            F_DEMOGRAPHICS.IG_DEMOG_DEMO.I_DEMOG_DEM_DTIC) or
            (I_VERIF_VERI_DATE ne F_INCLUSIONEXC.IG_INCLU_ELIGIBILITY.I_INCLU_IN_DT_IC)</Expression>
    </RuleDef>
    <RuleDef OID="I_SERIO_SAE4_DTED" Name="SAE: SAE 4 Dates">
        <Description>End Date should not occur prior to Start Date</Description>
        <Expression>I_SERIO_SAE4_DTED lt I_SERIO_SAE4_DTST</Expression>
    </RuleDef>
    <RuleDef OID="I_LOCAL_UNITS2" Name="Local Lab: Site B,D Units">
        <Description>Insert Units if Site B, D</Description>
        <Expression>I_LOCAL_SITE_AB eq 102 or I_LOCAL_SITE_AB eq 104</Expression>
    </RuleDef>
    <RuleDef OID="I_ADVER_AE_OUT_RESDATE" Name="AE Log: Date Resolution not Ongoing">
        <Description>If Date of Resolution is provided, 'Ongoing' should
            not be selected for Outcome.</Description>
        <Expression>I_ADVER_AE_OUT eq 3 and I_ADVER_AE_DTRE ne &quot;&quot;</Expression>
    </RuleDef>
    <RuleDef OID="I_VITAL_VS_WGHT_LB" Name="Vitals: Weight LBS">
        <Description>Height in cm should be between 121-213 cm.</Description>
        <Expression>(I_VITAL_VS_WGHT lt 70 or I_VITAL_VS_WGHT gt 600)
            and I_VITAL_VS_UNITS eq 1</Expression>
    </RuleDef>
    <RuleDef OID="I_ADVER_AE_DTRE_VERIFYDATES" Name="AE Log: Verify Date Onset vs Date Resolution">
        <Description>Date of Resolution should not occur prior to the
            Date of Onset.</Description>
        <Expression>I_ADVER_AE_DTRE lt I_ADVER_AE_DTON</Expression>
    </RuleDef>
    <RuleDef OID="I_LOCAL_CH_CAL_A" Name="Local Lab: Site A, C, E Calcium">
        <Description>Site A, C, E: Calcium should be between 8.5 and
            10.2 mg/dL</Description>

        <Expression>(SE_FIRSTVISIT.F_LOCALLABORAT.IG_LOCAL_TESTS.I_LOCAL_SITE_AB
            eq 101 or
            SE_FIRSTVISIT.F_LOCALLABORAT.IG_LOCAL_TESTS.I_LOCAL_SITE_AB
            eq 103 or
            SE_FIRSTVISIT.F_LOCALLABORAT.IG_LOCAL_TESTS.I_LOCAL_SITE_AB
            eq 105) and (I_LOCAL_CH_CAL lt 8.5 or I_LOCAL_CH_CAL gt 10.2)</Expression>
    </RuleDef>
    <RuleDef OID="I_CONCO_CM_ONGNG_DATEEMPTY" Name="ConMeds: Date should be empty">
        <Description>Stop Date should be blank if medication is Ongoing
            i.e. 1 is selected</Description>
        <Expression>I_CONCO_CM_ONGNG eq 1 and I_CONCO_CM_SPDT ne &quot;&quot;</Expression>
    </RuleDef>
    <RuleDef OID="SE_1WEEKFU_STARTDATE" Name="JUNO: Schedule 1 Week F/U">
        <Description>If first visit startdate is present, set 1 week
            follow up startdate to first visit + 7 days.</Description>
        <Expression>SE_INITIALVISIT.STARTDATE ne &quot;&quot;</Expression>
    </RuleDef>
    <RuleDef OID="I_EATIN_LVALONE_NO" Name="I_EATIN_LVALONE_NO">
        <Description>When No is selected</Description>
        <Expression>I_EATIN_LVALONE eq 0</Expression>
    </RuleDef>
    <RuleDef OID="I_VITAL_VS_BPHR_SHOWHIDEINSERT" Name="Vitals: Show/Hide/Insert">
        <Description>If 'Yes' is selected, the log should show and
            'Supine' and 'Standing' should insert into the Position column.</Description>
        <Expression>I_VITAL_VS_BPHR eq 1</Expression>
    </RuleDef>
    <RuleDef OID="I_SERIO_SAE3_YN" Name="SAE: Add SAE 3">
        <Description>If 'Yes', add SAE</Description>
        <Expression>I_SERIO_SAE3_YN eq 1</Expression>
    </RuleDef>
    <RuleDef OID="I_EATIN_COOKFAT_SHOWHIDE" Name="I_EATIN_COOKFAT_SHOWHIDE">
        <Description>Show or Hide Other field</Description>
        <Expression>I_EATIN_COOKFAT ct &quot;8&quot;</Expression>
    </RuleDef>
    <RuleDef OID="I_LOCAL_HEM_WBC_B" Name="Local Lab: Site B, D WBC">
        <Description>Site B, D: WBC should be between 3,500 and 10,500 cells/mcL</Description>

        <Expression>(SE_FIRSTVISIT.F_LOCALLABORAT.IG_LOCAL_TESTS.I_LOCAL_SITE_AB
            eq 102 or
            SE_FIRSTVISIT.F_LOCALLABORAT.IG_LOCAL_TESTS.I_LOCAL_SITE_AB
            eq 104) and (I_LOCAL_HEM_WBC lt 3500 or I_LOCAL_HEM_WBC gt 10500)</Expression>
    </RuleDef>
    <RuleDef OID="I_INCLU_IN_DT_IC_VERIFY" Name="Inc/Exc: Verify DT Inf Cons. with Demographics and Verification of IC form">
        <Description>Date of Informed Consent should match Date of
            Informed Consent on Demographics form.</Description>
        <Expression>(I_INCLU_IN_DT_IC ne
            F_DEMOGRAPHICS.IG_DEMOG_DEMO.I_DEMOG_DEM_DTIC) or
            (I_INCLU_IN_DT_IC ne F_VERIFICATION.IG_VERIF_UNGROUPED.I_VERIF_VERI_DATE)</Expression>
    </RuleDef>
    <RuleDef OID="I_LOCAL_UNITS1" Name="Local Lab: Site A,C,E Units">
        <Description>Insert Units if Site A, C, E</Description>
        <Expression>(I_LOCAL_SITE_AB eq 101) or (I_LOCAL_SITE_AB eq 103)
            or (I_LOCAL_SITE_AB eq 105)</Expression>
    </RuleDef>
    <RuleDef OID="I_ADVER_AE_OTOUT_COMP" Name="AE Log: Other should be blank">
        <Description>Other should be blank unless selected for Outcome.</Description>
        <Expression>I_ADVER_AE_OTOUT ne &quot;&quot; and (I_ADVER_AE_OUT
            eq 1 or I_ADVER_AE_OUT eq 2 or I_ADVER_AE_OUT eq 3 or
            I_ADVER_AE_OUT eq 4)</Expression>
    </RuleDef>
    <RuleDef OID="I_SERIO_SAE5_YN" Name="SAE: Add SAE 5">
        <Description>If 'Yes', add SAE</Description>
        <Expression>I_SERIO_SAE5_YN eq 1</Expression>
    </RuleDef>
    <RuleDef OID="I_LOCAL_CH_CAL_B" Name="Local Lab: Site B, D Calcium">
        <Description>Site B, D: Calcium should be between 2 and 3 mmol/L</Description>

        <Expression>(SE_FIRSTVISIT.F_LOCALLABORAT.IG_LOCAL_TESTS.I_LOCAL_SITE_AB
            eq 102 or
            SE_FIRSTVISIT.F_LOCALLABORAT.IG_LOCAL_TESTS.I_LOCAL_SITE_AB
            eq 104) and (I_LOCAL_CH_CAL lt 2 or I_LOCAL_CH_CAL gt 3)</Expression>
    </RuleDef>
    <RuleDef OID="I_VITAL_VS_WGHT_KG" Name="Vitals: Weight KG">
        <Description>Height in inches should be between 48-84 in.</Description>
        <Expression>(I_VITAL_VS_WGHT lt 31 or I_VITAL_VS_WGHT gt 272)
            and I_VITAL_VS_UNITS eq 2</Expression>
    </RuleDef>
    <RuleDef OID="I_CONCO_CM_ONGNG_DATEPROV" Name="ConMeds: Date should be entered">
        <Description>Stop Date should be entered if medication is not
            Ongoing i.e. 2 is selected.</Description>
        <Expression>I_CONCO_CM_ONGNG eq 2 and I_CONCO_CM_SPDT eq &quot;&quot;</Expression>
    </RuleDef>
    <RuleDef OID="I_OPENC_EML1SMT" Name="I_OPENC_EML1SMT">
        <Description>I_OPENC_EML1SMT</Description>
        <Expression>I_KITCH_EML1SMT eq 1</Expression>
    </RuleDef>
</RuleImport>
