<?xml version="1.0" encoding="UTF-8"?>
<RuleImport>
    <RuleAssignment>
        <Target>I_ADVER_1_AEYN</Target>
        <RuleRef OID="AE_EVENT_2">
            <ShowAction IfExpressionEvaluates="true">
                <Run AdministrativeDataEntry="true"
                    InitialDataEntry="true" DoubleDataEntry="true"
                    ImportDataEntry="false" Batch="false"/>
                <Message>Another AE was experienced. Please complete the
                    following fields.</Message>
                <DestinationProperty OID="IG_ADVER_AE2"/>
            </ShowAction>
        </RuleRef>
    </RuleAssignment>
    <RuleDef OID="AE_EVENT_2" Name="Insert 2nd AE">
        <Description>Adverse Event 1 experienced eq 1 (Yes)</Description>
        <Expression>I_ADVER_1_AEYN eq 1</Expression>
    </RuleDef>
</RuleImport>
